Rank,Package,Score,Tier,Launch_Reachable,Launch_Path,Standalone,Internal_Recursive_Dependent_Count,Internal_Direct_Dependent_Count,Internal_Prerequisite_Count,Internal_Prerequisites,Tier4_Message_Dependencies,Tier4_Message_Penalty,External_Manifest_Dependent_Count,External_High_Reference_Count,External_Review_Reference_Count,Source_Path
1,autoware_adapi_visualizers,100,ready,False,,True,0,0,0,,,0,0,0,0,src/universe/autoware_universe/system/autoware_default_adapi_helpers/autoware_adapi_visualizers
2,autoware_bag_time_manager_rviz_plugin,100,ready,False,,True,0,0,0,,,0,0,0,0,src/universe/autoware_universe/visualization/autoware_bag_time_manager_rviz_plugin
3,autoware_behavior_velocity_template_module,100,ready,False,,True,0,0,0,,,0,0,0,0,src/universe/autoware_universe/planning/behavior_velocity_planner/autoware_behavior_velocity_template_module
4,autoware_component_monitor,100,ready,False,,True,0,0,0,,,0,0,0,0,src/universe/autoware_universe/system/autoware_component_monitor
5,autoware_control_performance_analysis,100,ready,False,,True,0,0,0,,,0,0,0,0,src/universe/autoware_universe/control/autoware_control_performance_analysis
6,autoware_goal_distance_calculator,100,ready,False,,True,0,0,0,,,0,0,0,0,src/universe/autoware_universe/common/autoware_goal_distance_calculator
7,autoware_image_diagnostics,100,ready,False,,True,0,0,0,,,0,0,0,0,src/universe/autoware_universe/sensing/autoware_image_diagnostics
8,autoware_kinematic_evaluator,100,ready,False,,True,0,0,0,,,0,0,0,0,src/universe/autoware_universe/evaluator/autoware_kinematic_evaluator
9,autoware_localization_evaluator,100,ready,False,,True,0,0,0,,,0,0,0,0,src/universe/autoware_universe/evaluator/autoware_localization_evaluator
10,autoware_motion_velocity_dynamic_obstacle_stop_module,100,ready,False,,True,0,0,0,,,0,0,0,0,src/universe/autoware_universe/planning/motion_velocity_planner/autoware_motion_velocity_dynamic_obstacle_stop_module
11,autoware_motion_velocity_road_user_stop_module,100,ready,False,,True,0,0,0,,,0,0,0,0,src/universe/autoware_universe/planning/motion_velocity_planner/autoware_motion_velocity_road_user_stop_module
12,autoware_polar_grid,100,ready,False,,True,0,0,0,,,0,0,0,0,src/universe/autoware_universe/common/autoware_polar_grid
13,autoware_pose2twist,100,ready,False,,True,0,0,0,,,0,0,0,0,src/universe/autoware_universe/localization/autoware_pose2twist
14,autoware_predicted_path_postprocessor,100,ready,False,,True,0,0,0,,,0,0,0,0,src/universe/autoware_universe/perception/autoware_predicted_path_postprocessor
15,autoware_radar_objects_adapter,100,ready,False,,True,0,0,0,,,0,0,0,0,src/universe/autoware_universe/sensing/autoware_radar_objects_adapter
16,autoware_radar_scan_to_pointcloud2,100,ready,False,,True,0,0,0,,,0,0,0,0,src/universe/autoware_universe/sensing/autoware_radar_scan_to_pointcloud2
17,autoware_radar_static_pointcloud_filter,100,ready,False,,True,0,0,0,,,0,0,0,0,src/universe/autoware_universe/sensing/autoware_radar_static_pointcloud_filter
18,autoware_radar_threshold_filter,100,ready,False,,True,0,0,0,,,0,0,0,0,src/universe/autoware_universe/sensing/autoware_radar_threshold_filter
19,autoware_spheric_collision_detector,100,ready,False,,True,0,0,0,,,0,0,0,0,src/universe/autoware_universe/control/autoware_spheric_collision_detector
20,autoware_steer_offset_estimator,100,ready,False,,True,0,0,0,,,0,0,0,0,src/universe/autoware_universe/vehicle/autoware_steer_offset_estimator
21,autoware_time_utils,100,ready,False,,True,0,0,0,,,0,0,0,0,src/universe/autoware_universe/common/autoware_time_utils
22,autoware_traffic_light_recognition_marker_publisher,100,ready,False,,True,0,0,0,,,0,0,0,0,src/universe/autoware_universe/common/autoware_traffic_light_recognition_marker_publisher
23,tier4_active_generator_rviz_plugin,100,ready,False,,True,0,0,0,,,0,0,0,0,src/universe/autoware_universe/visualization/tier4_active_generator_rviz_plugin
24,tier4_control_mode_rviz_plugin,100,ready,False,,True,0,0,0,,,0,0,0,0,src/universe/autoware_universe/visualization/tier4_control_mode_rviz_plugin
25,tier4_datetime_rviz_plugin,100,ready,False,,True,0,0,0,,,0,0,0,0,src/universe/autoware_universe/visualization/tier4_datetime_rviz_plugin
26,autoware_cluster_merger,95,ready,False,,True,0,0,0,,tier4_perception_msgs,5,0,0,0,src/universe/autoware_universe/perception/autoware_cluster_merger
27,autoware_diagnostic_graph_merger,95,ready,False,,True,0,0,0,,tier4_system_msgs,5,0,0,0,src/universe/autoware_universe/system/autoware_diagnostic_graph_merger
28,autoware_driving_mode_manager,95,ready,False,,True,0,0,0,,tier4_system_msgs,5,0,0,0,src/universe/autoware_universe/system/autoware_driving_mode_manager
29,autoware_generic_service_divider,95,ready,False,,True,0,0,0,,tier4_system_msgs,5,0,0,0,src/universe/autoware_universe/system/autoware_generic_service_divider
30,autoware_mrm_in_lane_stop_operator,95,ready,False,,True,0,0,0,,tier4_system_msgs,5,0,0,0,src/universe/autoware_universe/system/autoware_mrm_in_lane_stop_operator
31,autoware_mrm_reset_manager,95,ready,False,,True,0,0,0,,tier4_external_api_msgs;tier4_system_msgs,5,0,0,0,src/universe/autoware_universe/system/autoware_mrm_reset_manager
32,autoware_mrm_steering_hold_stop_operator,95,ready,False,,True,0,0,0,,tier4_system_msgs,5,0,0,0,src/universe/autoware_universe/system/autoware_mrm_steering_hold_stop_operator
33,autoware_redundancy_command_selector,95,ready,False,,True,0,0,0,,tier4_system_msgs,5,0,0,0,src/universe/autoware_universe/simulator/autoware_redundancy_command_selector
34,autoware_trajectory_gate,95,ready,False,,True,0,0,0,,tier4_system_msgs,5,0,0,0,src/universe/autoware_universe/planning/autoware_trajectory_gate
35,tier4_adapi_rviz_plugin,95,ready,False,,True,0,0,0,,tier4_external_api_msgs;tier4_planning_msgs,5,0,0,0,src/universe/autoware_universe/visualization/tier4_adapi_rviz_plugin
36,tier4_manual_lane_change_rviz_plugin,95,ready,False,,True,0,0,0,,tier4_external_api_msgs;tier4_planning_msgs,5,0,0,0,src/universe/autoware_universe/visualization/tier4_manual_lane_change_rviz_plugin
37,tier4_perception_rviz_plugin,95,ready,False,,True,0,0,0,,tier4_perception_msgs,5,0,0,0,src/universe/autoware_universe/visualization/tier4_perception_rviz_plugin
38,autoware_redundancy_switcher_interface,87,ready,False,,False,1,1,0,,tier4_external_api_msgs;tier4_system_msgs,5,0,0,0,src/universe/autoware_universe/system/autoware_redundancy_switcher_interface
39,autoware_diagnostic_graph_test_examples,80,ready,False,,False,0,0,1,autoware_diagnostic_graph_aggregator,,0,0,0,0,src/universe/autoware_universe/examples/autoware_diagnostic_graph_test_examples
40,autoware_motion_velocity_boundary_departure_prevention_module,80,ready,False,,False,0,0,1,autoware_deprecated_boundary_departure_checker,,0,0,0,0,src/universe/autoware_universe/planning/motion_velocity_planner/autoware_motion_velocity_boundary_departure_prevention_module
41,autoware_motion_velocity_obstacle_velocity_limiter_module,80,ready,False,,False,0,0,1,autoware_grid_map_utils,,0,0,0,0,src/universe/autoware_universe/planning/motion_velocity_planner/autoware_motion_velocity_obstacle_velocity_limiter_module
42,autoware_tensorrt_bevformer,80,ready,False,,False,0,0,1,autoware_cuda_dependency_meta,,0,0,0,0,src/universe/autoware_universe/perception/autoware_tensorrt_bevformer
43,autoware_command_mode_decider_plugins,77,ready,False,,False,0,0,2,autoware_command_mode_decider;autoware_command_mode_types,,0,0,0,0,src/universe/autoware_universe/system/autoware_command_mode_decider_plugins
44,autoware_tensorrt_vad,77,ready,False,,False,0,0,2,autoware_tensorrt_common;autoware_tensorrt_plugins,,0,0,0,0,src/universe/autoware_universe/e2e/autoware_tensorrt_vad
45,autoware_in_lane_mrm_planner,75,ready,False,,False,0,0,1,autoware_path_smoother,tier4_system_msgs,5,0,0,0,src/universe/autoware_universe/planning/autoware_in_lane_mrm_planner
46,autoware_redundancy_adapi_switcher,75,ready,False,,False,0,0,1,autoware_default_adapi_universe,tier4_external_api_msgs;tier4_system_msgs,5,0,0,0,src/universe/autoware_universe/system/autoware_redundancy_adapi_switcher
47,autoware_redundancy_switcher_interface_plugins,75,ready,False,,False,0,0,1,autoware_redundancy_switcher_interface,tier4_system_msgs,5,0,0,0,src/universe/autoware_universe/system/autoware_redundancy_switcher_interface_plugins
48,autoware_calibration_status_classifier,74,ready,False,,False,0,0,3,autoware_cuda_utils;autoware_image_transport_decompressor;autoware_tensorrt_common,,0,0,0,0,src/universe/autoware_universe/sensing/autoware_calibration_status_classifier
49,autoware_lidar_frnet,74,ready,False,,False,0,0,3,autoware_cuda_dependency_meta;autoware_cuda_utils;autoware_tensorrt_common,,0,0,0,0,src/universe/autoware_universe/perception/autoware_lidar_frnet
50,autoware_command_mode_switcher_plugins,72,ready,False,,False,0,0,2,autoware_command_mode_switcher;autoware_command_mode_types,tier4_system_msgs,5,0,0,0,src/universe/autoware_universe/system/autoware_command_mode_switcher_plugins
51,autoware_minimum_rule_based_planner,72,ready,False,,False,0,0,2,autoware_obstacle_proximity_checker;autoware_trajectory_modifier,tier4_planning_msgs,5,0,0,0,src/universe/autoware_universe/planning/autoware_minimum_rule_based_planner
52,autoware_behavior_path_external_request_lane_change_module,71,ready,False,,False,0,0,4,autoware_behavior_path_lane_change_module;autoware_behavior_path_planner;autoware_behavior_path_planner_common;autoware_rtc_interface,,0,0,0,0,src/universe/autoware_universe/planning/behavior_path_planner/autoware_behavior_path_external_request_lane_change_module
53,autoware_camera_streampetr,71,ready,False,,False,0,0,4,autoware_cuda_dependency_meta;autoware_cuda_utils;autoware_tensorrt_common;perception_utils,,0,0,0,0,src/universe/autoware_universe/perception/autoware_camera_streampetr
54,autoware_traffic_light_pipeline,71,ready,False,,False,0,0,6,autoware_cuda_utils;autoware_tensorrt_yolox;autoware_traffic_light_category_merger;autoware_traffic_light_classifier;autoware_traffic_light_map_based_detector;autoware_traffic_light_selector,tier4_perception_msgs,0,0,0,0,src/universe/autoware_universe/perception/autoware_traffic_light_pipeline
55,autoware_behavior_velocity_no_drivable_lane_module,70,review,False,,False,0,0,0,,,0,0,0,1,src/universe/autoware_universe/planning/behavior_velocity_planner/autoware_behavior_velocity_no_drivable_lane_module
56,autoware_behavior_velocity_speed_bump_module,70,review,False,,False,0,0,0,,,0,0,0,1,src/universe/autoware_universe/planning/behavior_velocity_planner/autoware_behavior_velocity_speed_bump_module
57,autoware_path_distance_calculator,70,review,False,,False,0,0,0,,,0,0,0,1,src/universe/autoware_universe/common/autoware_path_distance_calculator
58,autoware_radar_fusion_to_detected_object,70,review,False,,False,0,0,0,,,0,0,0,1,src/universe/autoware_universe/perception/autoware_radar_fusion_to_detected_object
59,autoware_radar_object_tracker,70,review,False,,False,0,0,0,,,0,0,0,1,src/universe/autoware_universe/perception/autoware_radar_object_tracker
60,autoware_traffic_light_rviz_plugin,70,review,False,,False,0,0,0,,,0,0,0,1,src/universe/autoware_universe/visualization/autoware_traffic_light_rviz_plugin
61,tier4_dummy_object_rviz_plugin,70,review,False,,False,0,0,0,,,0,0,0,1,src/universe/autoware_universe/simulator/tier4_dummy_object_rviz_plugin
62,tier4_traffic_light_rviz_plugin,70,review,False,,False,0,0,0,,,0,0,0,1,src/universe/autoware_universe/visualization/tier4_traffic_light_rviz_plugin
63,tier4_vehicle_rviz_plugin,70,review,False,,False,0,0,0,,,0,0,0,1,src/universe/autoware_universe/visualization/tier4_vehicle_rviz_plugin
64,autoware_topic_relay_controller,65,review,False,,False,0,0,0,,tier4_system_msgs,5,0,0,4,src/universe/autoware_universe/system/autoware_topic_relay_controller
65,tier4_state_rviz_plugin,65,review,False,,False,0,0,0,,tier4_control_msgs;tier4_external_api_msgs,5,0,0,1,src/universe/autoware_universe/visualization/tier4_state_rviz_plugin
66,autoware_accel_brake_map_calibrator,45,review,False,,False,0,0,1,autoware_raw_vehicle_cmd_converter,tier4_external_api_msgs;tier4_vehicle_msgs,5,0,0,2,src/universe/autoware_universe/vehicle/autoware_accel_brake_map_calibrator
67,autoware_joy_controller,45,review,False,,False,0,0,1,tier4_api_utils,tier4_control_msgs;tier4_external_api_msgs,5,0,0,3,src/universe/autoware_universe/control/autoware_joy_controller
68,autoware_collision_detector,10,used_by_launch,True,src/launcher/autoware_launch/.github/sync-params.yaml:406 -> autoware_collision_detector,False,0,0,0,,,0,1,6,2,src/universe/autoware_universe/control/autoware_collision_detector
69,autoware_control_validator,10,used_by_launch,True,src/launcher/autoware_launch/.github/sync-params.yaml:412 -> autoware_control_validator,False,0,0,0,,,0,1,2,1,src/universe/autoware_universe/control/autoware_control_validator
70,autoware_dummy_diag_publisher,10,used_by_launch,True,tier4_system_launch -> autoware_dummy_diag_publisher,False,0,0,0,,,0,1,1,0,src/universe/autoware_universe/simulator/autoware_dummy_diag_publisher
71,autoware_dummy_traffic_light_publisher,10,used_by_launch,True,autoware_launch -> autoware_dummy_traffic_light_publisher,False,0,0,0,,,0,1,1,2,src/universe/autoware_universe/simulator/autoware_dummy_traffic_light_publisher
72,autoware_duplicated_node_checker,10,used_by_launch,True,src/launcher/autoware_launch/.github/sync-params.yaml:503 -> autoware_duplicated_node_checker,False,0,0,0,,,0,1,2,1,src/universe/autoware_universe/system/autoware_duplicated_node_checker
73,autoware_external_velocity_limit_selector,10,used_by_launch,True,autoware_planning_launch -> autoware_external_velocity_limit_selector,False,0,0,0,,,0,1,1,2,src/universe/autoware_universe/planning/autoware_external_velocity_limit_selector
74,autoware_glog_component,10,used_by_launch,True,autoware_sample_designs -> autoware_glog_component,False,0,0,0,,,0,0,4,4,src/universe/autoware_universe/common/autoware_glog_component
75,autoware_hazard_lights_selector,10,used_by_launch,True,src/launcher/autoware_launch/.github/sync-params.yaml:374 -> autoware_hazard_lights_selector,False,0,0,0,,,0,1,6,1,src/universe/autoware_universe/planning/autoware_hazard_lights_selector
76,autoware_imu_corrector,10,used_by_launch,True,autoware_sensing_launch -> autoware_imu_corrector,False,0,0,0,,,0,5,13,5,src/universe/autoware_universe/sensing/autoware_imu_corrector
77,autoware_localization_error_monitor,10,used_by_launch,True,src/launcher/autoware_launch/.github/sync-params.yaml:259 -> autoware_localization_error_monitor,False,0,0,0,,,0,1,2,1,src/universe/autoware_universe/localization/autoware_localization_error_monitor
78,autoware_map_based_prediction,10,used_by_launch,True,src/launcher/autoware_launch/.github/sync-params.yaml:93 -> autoware_map_based_prediction,False,0,0,0,,,0,2,3,3,src/universe/autoware_universe/perception/autoware_map_based_prediction
79,autoware_map_tf_generator,10,used_by_launch,True,src/launcher/autoware_launch/.github/sync-params.yaml:290 -> autoware_map_tf_generator,False,0,0,0,,,0,1,2,1,src/universe/autoware_universe/map/autoware_map_tf_generator
80,autoware_motion_velocity_obstacle_cruise_module,10,used_by_launch,True,autoware_planning_launch -> autoware_motion_velocity_planner -> autoware_motion_velocity_obstacle_cruise_module,False,0,0,0,,,0,0,1,1,src/universe/autoware_universe/planning/motion_velocity_planner/autoware_motion_velocity_obstacle_cruise_module
81,autoware_motion_velocity_obstacle_slow_down_module,10,used_by_launch,True,autoware_planning_launch -> autoware_motion_velocity_planner -> autoware_motion_velocity_obstacle_slow_down_module,False,0,0,0,,,0,0,1,1,src/universe/autoware_universe/planning/motion_velocity_planner/autoware_motion_velocity_obstacle_slow_down_module
82,autoware_multi_object_tracker,10,used_by_launch,True,src/launcher/autoware_launch/.github/sync-params.yaml:102 -> autoware_multi_object_tracker,False,0,0,0,,,0,2,10,9,src/universe/autoware_universe/perception/autoware_multi_object_tracker
83,autoware_object_merger,10,used_by_launch,True,src/launcher/autoware_launch/.github/sync-params.yaml:78 -> autoware_object_merger,False,0,0,0,,,0,1,7,6,src/universe/autoware_universe/perception/autoware_object_merger
84,autoware_object_sorter,10,used_by_launch,True,src/launcher/autoware_launch/.github/sync-params.yaml:108 -> autoware_object_sorter,False,0,0,0,,,0,1,4,2,src/universe/autoware_universe/perception/autoware_object_sorter
85,autoware_obstacle_collision_checker,10,used_by_launch,True,src/launcher/autoware_launch/.github/sync-params.yaml:421 -> autoware_obstacle_collision_checker,False,0,0,0,,,0,0,2,1,src/universe/autoware_universe/control/autoware_obstacle_collision_checker
86,autoware_pose_covariance_modifier,10,used_by_launch,True,autoware_launch -> autoware_pose_covariance_modifier,False,0,0,0,,,0,1,1,1,src/universe/autoware_universe/localization/autoware_pose_covariance_modifier
87,autoware_pose_estimator_arbiter,10,used_by_launch,True,autoware_launch -> autoware_pose_estimator_arbiter,False,0,0,0,,,0,1,1,1,src/universe/autoware_universe/localization/autoware_pose_estimator_arbiter
88,autoware_pose_initialization_requester,10,used_by_launch,True,autoware_localization_launch -> autoware_pose_initialization_requester,False,0,0,0,,,0,1,1,0,src/universe/autoware_universe/localization/autoware_pose_initialization_requester
89,autoware_pose_instability_detector,10,used_by_launch,True,src/launcher/autoware_launch/.github/sync-params.yaml:262 -> autoware_pose_instability_detector,False,0,0,0,,,0,1,2,3,src/universe/autoware_universe/localization/autoware_pose_instability_detector
90,autoware_radar_tracks_msgs_converter,10,used_by_launch,True,autoware_sensing_launch -> autoware_radar_tracks_msgs_converter,False,0,0,0,,,0,1,1,0,src/universe/autoware_universe/perception/autoware_radar_tracks_msgs_converter
91,autoware_radar_tracks_noise_filter,10,used_by_launch,True,autoware_sensing_launch -> autoware_radar_tracks_noise_filter,False,0,0,0,,,0,1,1,0,src/universe/autoware_universe/sensing/autoware_radar_tracks_noise_filter
92,autoware_remaining_distance_time_calculator,10,used_by_launch,True,autoware_planning_launch -> autoware_remaining_distance_time_calculator,False,0,0,0,,,0,1,1,1,src/universe/autoware_universe/planning/autoware_remaining_distance_time_calculator
93,autoware_simple_object_merger,10,used_by_launch,True,autoware_perception_launch -> autoware_simple_object_merger,False,0,0,0,,,0,1,3,3,src/universe/autoware_universe/perception/autoware_simple_object_merger
94,autoware_tensorrt_bevdet,10,used_by_launch,True,autoware_perception_launch -> autoware_tensorrt_bevdet,False,0,0,0,,,0,1,1,4,src/universe/autoware_universe/perception/autoware_tensorrt_bevdet
95,autoware_tracking_object_merger,10,used_by_launch,True,src/launcher/autoware_launch/.github/sync-params.yaml:111 -> autoware_tracking_object_merger,False,0,0,0,,,0,1,4,5,src/universe/autoware_universe/perception/autoware_tracking_object_merger
96,autoware_traffic_light_arbiter,10,used_by_launch,True,src/launcher/autoware_launch/.github/sync-params.yaml:157 -> autoware_traffic_light_arbiter,False,0,0,0,,,0,1,2,3,src/universe/autoware_universe/perception/autoware_traffic_light_arbiter
97,autoware_vehicle_door_simulator,10,used_by_launch,True,tier4_simulator_launch -> autoware_vehicle_door_simulator,False,0,0,0,,,0,1,1,0,src/universe/autoware_universe/simulator/autoware_vehicle_door_simulator
98,autoware_velodyne_monitor,10,used_by_launch,True,autoware_sensor_driver_launch -> autoware_velodyne_monitor,False,0,0,0,,,0,1,2,1,src/universe/autoware_universe/system/autoware_velodyne_monitor
99,tier4_camera_view_rviz_plugin,10,used_by_launch,True,autoware_launch -> tier4_camera_view_rviz_plugin,False,0,0,0,,,0,0,18,0,src/universe/autoware_universe/visualization/tier4_camera_view_rviz_plugin
100,tier4_planning_factor_rviz_plugin,10,used_by_launch,True,autoware_launch -> tier4_planning_factor_rviz_plugin,False,0,0,0,,,0,0,112,0,src/universe/autoware_universe/visualization/tier4_planning_factor_rviz_plugin
101,yabloc_monitor,10,used_by_launch,True,autoware_localization_launch -> yabloc_monitor,False,0,0,0,,,0,1,1,2,src/universe/autoware_universe/localization/yabloc/yabloc_monitor
102,autoware_autonomous_emergency_braking,5,used_by_launch,True,src/launcher/autoware_launch/.github/sync-params.yaml:403 -> autoware_autonomous_emergency_braking,False,0,0,0,,tier4_debug_msgs;tier4_metric_msgs,5,1,6,2,src/universe/autoware_universe/control/autoware_autonomous_emergency_braking
103,autoware_behavior_velocity_virtual_traffic_light_module,5,used_by_launch,True,autoware_planning_launch -> autoware_behavior_velocity_planner -> autoware_behavior_velocity_virtual_traffic_light_module,False,0,0,0,,tier4_planning_msgs;tier4_v2x_msgs,5,0,1,1,src/universe/autoware_universe/planning/behavior_velocity_planner/autoware_behavior_velocity_virtual_traffic_light_module
104,autoware_crosswalk_traffic_light_estimator,5,used_by_launch,True,src/launcher/autoware_launch/.github/sync-params.yaml:149 -> autoware_crosswalk_traffic_light_estimator,False,0,0,0,,tier4_perception_msgs,5,1,2,1,src/universe/autoware_universe/perception/autoware_crosswalk_traffic_light_estimator
105,autoware_detected_object_feature_remover,5,used_by_launch,True,autoware_perception_launch -> autoware_detected_object_feature_remover,False,0,0,0,,tier4_perception_msgs,5,1,4,0,src/universe/autoware_universe/perception/autoware_detected_object_feature_remover
106,autoware_dummy_infrastructure,5,used_by_launch,True,autoware_launch -> autoware_dummy_infrastructure,False,0,0,0,,tier4_v2x_msgs,5,1,1,0,src/universe/autoware_universe/simulator/autoware_dummy_infrastructure
107,autoware_evaluation_adapter,5,used_by_launch,True,tier4_autoware_api_launch -> autoware_evaluation_adapter,False,0,0,0,,tier4_external_api_msgs,5,1,1,0,src/universe/autoware_universe/evaluator/autoware_evaluation_adapter
108,autoware_fault_injection,5,used_by_launch,True,src/launcher/autoware_launch/.github/sync-params.yaml:525 -> autoware_fault_injection,False,0,0,0,,tier4_simulation_msgs,5,1,2,3,src/universe/autoware_universe/simulator/autoware_fault_injection
109,autoware_image_object_locator,5,used_by_launch,True,src/launcher/autoware_launch/.github/scripts/sync_params.py:45 -> autoware_image_object_locator,False,0,0,0,,tier4_perception_msgs,5,1,3,1,src/universe/autoware_universe/perception/autoware_image_object_locator
110,autoware_mrm_comfortable_stop_operator,5,used_by_launch,True,src/launcher/autoware_launch/.github/sync-params.yaml:493 -> autoware_mrm_comfortable_stop_operator,False,0,0,0,,tier4_system_msgs,5,1,2,2,src/universe/autoware_universe/system/autoware_mrm_comfortable_stop_operator
111,autoware_mrm_emergency_stop_operator,5,used_by_launch,True,src/launcher/autoware_launch/.github/sync-params.yaml:496 -> autoware_mrm_emergency_stop_operator,False,0,0,0,,tier4_system_msgs,5,1,2,4,src/universe/autoware_universe/system/autoware_mrm_emergency_stop_operator
112,autoware_mrm_handler,5,used_by_launch,True,src/launcher/autoware_launch/.github/sync-params.yaml:499 -> autoware_mrm_handler,False,0,0,0,,tier4_system_msgs,5,1,2,3,src/universe/autoware_universe/system/autoware_mrm_handler
113,autoware_perception_online_evaluator,5,used_by_launch,True,autoware_launch -> autoware_perception_online_evaluator,False,0,0,0,,tier4_metric_msgs,5,1,4,2,src/universe/autoware_universe/evaluator/autoware_perception_online_evaluator
114,autoware_planning_evaluator,5,used_by_launch,True,autoware_planning_launch -> autoware_planning_evaluator,False,0,0,0,,tier4_metric_msgs,5,1,1,0,src/universe/autoware_universe/evaluator/autoware_planning_evaluator
115,autoware_processing_time_checker,5,used_by_launch,True,src/launcher/autoware_launch/.github/sync-params.yaml:509 -> autoware_processing_time_checker,False,0,0,0,,tier4_metric_msgs,5,1,2,3,src/universe/autoware_universe/system/autoware_processing_time_checker
116,autoware_scenario_selector,5,used_by_launch,True,autoware_planning_launch -> autoware_scenario_selector,False,0,0,0,,tier4_planning_msgs,5,1,1,0,src/universe/autoware_universe/planning/autoware_scenario_selector
117,autoware_scenario_simulator_v2_adapter,5,used_by_launch,True,tier4_simulator_launch -> autoware_scenario_simulator_v2_adapter,False,0,0,0,,tier4_metric_msgs;tier4_simulation_msgs,5,0,2,5,src/universe/autoware_universe/evaluator/autoware_scenario_simulator_v2_adapter
118,autoware_system_monitor,5,used_by_launch,True,src/launcher/autoware_launch/.github/sync-params.yaml:468 -> autoware_system_monitor,False,0,0,0,,tier4_external_api_msgs,5,1,9,12,src/universe/autoware_universe/system/autoware_system_monitor
119,autoware_traffic_light_visualization,5,used_by_launch,True,src/launcher/autoware_launch/.github/sync-params.yaml:179 -> autoware_traffic_light_visualization,False,0,0,0,,tier4_perception_msgs,5,1,5,2,src/universe/autoware_universe/perception/autoware_traffic_light_visualization
120,autoware_shift_decider,2,used_by_launch,True,src/launcher/autoware_launch/.github/sync-params.yaml:430 -> autoware_shift_decider,False,1,1,0,,,0,1,2,1,src/universe/autoware_universe/control/autoware_shift_decider
121,autoware_topic_state_monitor,2,used_by_launch,True,tier4_system_launch -> autoware_component_state_monitor -> autoware_topic_state_monitor,False,1,1,0,,,0,0,0,0,src/universe/autoware_universe/system/autoware_topic_state_monitor
122,autoware_trajectory_adapter,2,used_by_launch,True,src/launcher/autoware_launch/.github/sync-params.yaml:366 -> autoware_trajectory_selector -> autoware_trajectory_adapter,False,1,1,0,,,0,0,0,0,src/universe/autoware_universe/planning/autoware_trajectory_adapter
123,autoware_trajectory_concatenator,2,used_by_launch,True,src/launcher/autoware_launch/.github/sync-params.yaml:366 -> autoware_trajectory_selector -> autoware_trajectory_concatenator,False,1,1,0,,,0,0,0,0,src/universe/autoware_universe/planning/autoware_trajectory_concatenator
124,autoware_ar_tag_based_localizer,1,used_by_launch,True,src/launcher/autoware_launch/.github/sync-params.yaml:256 -> autoware_ar_tag_based_localizer,False,0,0,1,autoware_landmark_manager,,0,1,2,2,src/universe/autoware_universe/localization/autoware_landmark_based_localizer/autoware_ar_tag_based_localizer
125,autoware_behavior_velocity_blind_spot_module,1,used_by_launch,True,autoware_planning_launch -> autoware_behavior_velocity_planner -> autoware_behavior_velocity_blind_spot_module,False,0,0,1,autoware_behavior_velocity_rtc_interface,tier4_planning_msgs,0,0,1,1,src/universe/autoware_universe/planning/behavior_velocity_planner/autoware_behavior_velocity_blind_spot_module
126,autoware_behavior_velocity_detection_area_module,1,used_by_launch,True,autoware_planning_launch -> autoware_behavior_velocity_planner -> autoware_behavior_velocity_detection_area_module,False,0,0,1,autoware_behavior_velocity_rtc_interface,,0,0,1,1,src/universe/autoware_universe/planning/behavior_velocity_planner/autoware_behavior_velocity_detection_area_module
127,autoware_behavior_velocity_no_stopping_area_module,1,used_by_launch,True,autoware_planning_launch -> autoware_behavior_velocity_planner -> autoware_behavior_velocity_no_stopping_area_module,False,0,0,1,autoware_behavior_velocity_rtc_interface,tier4_planning_msgs,0,0,1,1,src/universe/autoware_universe/planning/behavior_velocity_planner/autoware_behavior_velocity_no_stopping_area_module
128,autoware_behavior_velocity_occlusion_spot_module,1,used_by_launch,True,autoware_planning_launch -> autoware_behavior_velocity_planner -> autoware_behavior_velocity_occlusion_spot_module,False,0,0,1,autoware_grid_map_utils,,0,0,1,1,src/universe/autoware_universe/planning/behavior_velocity_planner/autoware_behavior_velocity_occlusion_spot_module
129,autoware_behavior_velocity_walkway_module,1,used_by_launch,True,autoware_planning_launch -> autoware_behavior_velocity_planner -> autoware_behavior_velocity_walkway_module,False,0,0,1,autoware_behavior_velocity_crosswalk_module,,0,0,1,2,src/universe/autoware_universe/planning/behavior_velocity_planner/autoware_behavior_velocity_walkway_module
130,autoware_compare_map_segmentation,1,used_by_launch,True,src/launcher/autoware_launch/.github/sync-params.yaml:87 -> autoware_compare_map_segmentation,False,0,0,1,autoware_pointcloud_preprocessor,,0,1,2,2,src/universe/autoware_universe/perception/autoware_compare_map_segmentation
131,autoware_component_state_monitor,1,used_by_launch,True,tier4_system_launch -> autoware_component_state_monitor,False,0,0,1,autoware_topic_state_monitor,tier4_system_msgs,0,1,1,0,src/universe/autoware_universe/system/autoware_component_state_monitor
132,autoware_control_evaluator,1,used_by_launch,True,autoware_control_launch -> autoware_control_evaluator,False,0,0,1,autoware_deprecated_boundary_departure_checker,tier4_metric_msgs,0,1,1,1,src/universe/autoware_universe/evaluator/autoware_control_evaluator
133,autoware_costmap_generator,1,used_by_launch,True,src/launcher/autoware_launch/.github/sync-params.yaml:392 -> autoware_costmap_generator,False,0,0,1,autoware_grid_map_utils,tier4_planning_msgs,0,1,2,1,src/universe/autoware_universe/planning/autoware_costmap_generator
134,autoware_elevation_map_loader,1,used_by_launch,True,src/launcher/autoware_launch/.github/sync-params.yaml:121 -> autoware_elevation_map_loader,False,0,0,1,autoware_grid_map_utils,tier4_external_api_msgs,0,2,3,5,src/universe/autoware_universe/perception/autoware_elevation_map_loader
135,autoware_external_cmd_converter,1,used_by_launch,True,autoware_control_launch -> autoware_external_cmd_converter,False,0,0,1,autoware_raw_vehicle_cmd_converter,tier4_control_msgs;tier4_system_msgs,0,1,1,0,src/universe/autoware_universe/vehicle/autoware_external_cmd_converter
136,autoware_freespace_planner,1,used_by_launch,True,src/launcher/autoware_launch/.github/sync-params.yaml:370 -> autoware_freespace_planner,False,0,0,1,autoware_freespace_planning_algorithms,tier4_planning_msgs,0,1,2,1,src/universe/autoware_universe/planning/autoware_freespace_planner
137,autoware_geo_pose_projector,1,used_by_launch,True,autoware_localization_launch -> autoware_geo_pose_projector,False,0,0,1,autoware_component_interface_specs_universe,,0,1,1,0,src/universe/autoware_universe/localization/autoware_geo_pose_projector
138,autoware_ground_segmentation,1,used_by_launch,True,autoware_perception_launch -> autoware_ground_segmentation,False,0,0,1,autoware_pointcloud_preprocessor,,0,1,5,2,src/universe/autoware_universe/perception/autoware_ground_segmentation
139,autoware_hazard_status_converter,1,used_by_launch,True,tier4_system_launch -> autoware_hazard_status_converter,False,0,0,1,autoware_diagnostic_graph_utils,tier4_system_msgs,0,1,1,0,src/universe/autoware_universe/system/autoware_hazard_status_converter
140,autoware_manual_lane_change_handler,1,used_by_launch,True,autoware_planning_launch -> autoware_manual_lane_change_handler,False,0,0,1,autoware_mission_planner_universe,tier4_external_api_msgs;tier4_planning_msgs,0,1,1,0,src/universe/autoware_universe/planning/autoware_manual_lane_change_handler
141,autoware_motion_velocity_out_of_lane_module,1,used_by_launch,True,autoware_planning_launch -> autoware_motion_velocity_planner -> autoware_motion_velocity_out_of_lane_module,False,0,0,1,autoware_traffic_light_utils,,0,0,1,1,src/universe/autoware_universe/planning/motion_velocity_planner/autoware_motion_velocity_out_of_lane_module
142,autoware_motion_velocity_run_out_module,1,used_by_launch,True,autoware_planning_launch -> autoware_motion_velocity_planner -> autoware_motion_velocity_run_out_module,False,0,0,1,autoware_universe_utils,,0,0,1,0,src/universe/autoware_universe/planning/motion_velocity_planner/autoware_motion_velocity_run_out_module
143,autoware_occupancy_grid_map_outlier_filter,1,used_by_launch,True,src/launcher/autoware_launch/.github/sync-params.yaml:128 -> autoware_occupancy_grid_map_outlier_filter,False,0,0,1,autoware_pointcloud_preprocessor,,0,1,1,2,src/universe/autoware_universe/perception/autoware_occupancy_grid_map_outlier_filter
144,autoware_operation_mode_transition_manager,1,used_by_launch,True,src/launcher/autoware_launch/.github/sync-params.yaml:424 -> autoware_operation_mode_transition_manager,False,0,0,1,autoware_component_interface_specs_universe,tier4_control_msgs;tier4_system_msgs;tier4_vehicle_msgs,0,0,21,1,src/universe/autoware_universe/control/autoware_operation_mode_transition_manager
145,autoware_pipeline_latency_monitor,1,used_by_launch,True,src/launcher/autoware_launch/.github/sync-params.yaml:506 -> autoware_pipeline_latency_monitor,False,0,0,1,autoware_planning_validator,tier4_debug_msgs;tier4_metric_msgs,0,1,2,4,src/universe/autoware_universe/system/autoware_pipeline_latency_monitor
146,autoware_predicted_path_checker,1,used_by_launch,True,src/launcher/autoware_launch/.github/sync-params.yaml:427 -> autoware_predicted_path_checker,False,0,0,1,autoware_component_interface_specs_universe,tier4_control_msgs;tier4_external_api_msgs;tier4_planning_msgs,0,0,2,4,src/universe/autoware_universe/control/autoware_predicted_path_checker
147,autoware_raindrop_cluster_filter,1,used_by_launch,True,autoware_perception_launch -> autoware_raindrop_cluster_filter,False,0,0,1,autoware_detected_object_validation,tier4_perception_msgs,0,1,1,0,src/universe/autoware_universe/perception/autoware_raindrop_cluster_filter
148,autoware_smart_mpc_trajectory_follower,1,used_by_launch,True,autoware_control_launch -> autoware_smart_mpc_trajectory_follower,False,0,0,1,autoware_vehicle_cmd_gate,,0,0,1,0,src/universe/autoware_universe/control/autoware_smart_mpc_trajectory_follower
149,autoware_stop_mode_operator,1,used_by_launch,True,autoware_control_launch -> autoware_stop_mode_operator,False,0,0,1,autoware_vehicle_cmd_gate,tier4_system_msgs,0,1,1,0,src/universe/autoware_universe/control/autoware_stop_mode_operator
150,autoware_traffic_light_multi_camera_fusion,1,used_by_launch,True,src/launcher/autoware_launch/.github/sync-params.yaml:173 -> autoware_traffic_light_multi_camera_fusion,False,0,0,1,autoware_traffic_light_utils,tier4_perception_msgs,0,1,2,2,src/universe/autoware_universe/perception/autoware_traffic_light_multi_camera_fusion
151,yabloc_image_processing,1,used_by_launch,True,src/launcher/autoware_launch/.github/sync-params.yaml:234 -> yabloc_image_processing,False,0,0,1,yabloc_common,,0,1,4,5,src/universe/autoware_universe/localization/yabloc/yabloc_image_processing
152,yabloc_particle_filter,1,used_by_launch,True,src/launcher/autoware_launch/.github/sync-params.yaml:243 -> yabloc_particle_filter,False,0,0,1,yabloc_common,,0,1,4,5,src/universe/autoware_universe/localization/yabloc/yabloc_particle_filter
153,yabloc_pose_initializer,1,used_by_launch,True,src/launcher/autoware_launch/.github/sync-params.yaml:252 -> yabloc_pose_initializer,False,0,0,1,yabloc_common,,0,1,2,5,src/universe/autoware_universe/localization/yabloc/yabloc_pose_initializer
154,autoware_behavior_path_direction_change_module,1,used_by_launch,True,autoware_planning_launch -> autoware_behavior_path_direction_change_module,False,0,0,2,autoware_behavior_path_planner;autoware_behavior_path_planner_common,tier4_planning_msgs,0,0,1,0,src/universe/autoware_universe/planning/behavior_path_planner/autoware_behavior_path_direction_change_module
155,autoware_behavior_velocity_traffic_light_module,1,used_by_launch,True,autoware_planning_launch -> autoware_behavior_velocity_planner -> autoware_behavior_velocity_traffic_light_module,False,0,0,2,autoware_behavior_velocity_rtc_interface;autoware_traffic_light_utils,tier4_planning_msgs,0,0,1,4,src/universe/autoware_universe/planning/behavior_velocity_planner/autoware_behavior_velocity_traffic_light_module
156,autoware_detection_by_tracker,1,used_by_launch,True,src/launcher/autoware_launch/.github/sync-params.yaml:27 -> autoware_detection_by_tracker,False,0,0,2,autoware_euclidean_cluster;autoware_shape_estimation,tier4_perception_msgs,0,1,2,1,src/universe/autoware_universe/perception/autoware_detection_by_tracker
157,autoware_lidar_marker_localizer,1,used_by_launch,True,src/launcher/autoware_launch/.github/sync-params.yaml:223 -> autoware_lidar_marker_localizer,False,0,0,2,autoware_landmark_manager;autoware_pointcloud_preprocessor,,0,1,2,2,src/universe/autoware_universe/localization/autoware_landmark_based_localizer/autoware_lidar_marker_localizer
158,autoware_simpl_prediction,1,used_by_launch,True,autoware_perception_launch -> autoware_simpl_prediction,False,0,0,2,autoware_cuda_utils;autoware_tensorrt_common,,0,1,1,0,src/universe/autoware_universe/perception/autoware_simpl_prediction
159,autoware_surround_obstacle_checker,1,used_by_launch,True,autoware_planning_launch -> autoware_surround_obstacle_checker,False,0,0,2,autoware_obstacle_proximity_checker;autoware_universe_utils,tier4_planning_msgs,0,1,1,2,src/universe/autoware_universe/planning/autoware_surround_obstacle_checker
160,autoware_traffic_light_fine_detector,1,used_by_launch,True,src/launcher/autoware_launch/.github/sync-params.yaml:166 -> autoware_traffic_light_fine_detector,False,0,0,2,autoware_cuda_dependency_meta;autoware_tensorrt_yolox,tier4_perception_msgs,0,1,2,2,src/universe/autoware_universe/perception/autoware_traffic_light_fine_detector
161,autoware_traffic_light_occlusion_predictor,1,used_by_launch,True,src/launcher/autoware_launch/.github/sync-params.yaml:176 -> autoware_traffic_light_occlusion_predictor,False,0,0,2,autoware_traffic_light_utils;perception_utils,tier4_perception_msgs,0,1,2,2,src/universe/autoware_universe/perception/autoware_traffic_light_occlusion_predictor
162,autoware_behavior_velocity_roundabout_module,1,used_by_launch,True,autoware_planning_launch -> autoware_behavior_velocity_planner -> autoware_behavior_velocity_roundabout_module,False,0,0,3,autoware_behavior_velocity_intersection_module;autoware_behavior_velocity_rtc_interface;autoware_rtc_interface,tier4_planning_msgs,0,0,1,1,src/universe/autoware_universe/planning/behavior_velocity_planner/autoware_behavior_velocity_roundabout_module
163,autoware_bytetrack,1,used_by_launch,True,autoware_perception_launch -> autoware_bytetrack,False,0,0,3,autoware_cuda_dependency_meta;autoware_cuda_utils;autoware_tensorrt_common,tier4_perception_msgs,0,1,10,0,src/universe/autoware_universe/perception/autoware_bytetrack
164,autoware_control_command_gate,1,used_by_launch,True,src/launcher/autoware_launch/.github/sync-params.yaml:409 -> autoware_control_command_gate,False,0,0,3,autoware_command_mode_types;autoware_component_interface_specs_universe;autoware_vehicle_cmd_gate,tier4_external_api_msgs;tier4_system_msgs,0,1,2,3,src/universe/autoware_universe/control/autoware_control_command_gate
165,autoware_lidar_apollo_instance_segmentation,1,used_by_launch,True,autoware_perception_launch -> autoware_lidar_apollo_instance_segmentation,False,0,0,3,autoware_cuda_dependency_meta;autoware_cuda_utils;autoware_tensorrt_common,tier4_perception_msgs,0,1,1,0,src/universe/autoware_universe/perception/autoware_lidar_apollo_instance_segmentation
166,autoware_lidar_transfusion,1,used_by_launch,True,src/launcher/autoware_launch/.github/sync-params.yaml:65 -> autoware_lidar_transfusion,False,0,0,3,autoware_cuda_dependency_meta;autoware_tensorrt_common;perception_utils,,0,1,3,6,src/universe/autoware_universe/perception/autoware_lidar_transfusion
167,autoware_ground_segmentation_cuda,1,used_by_launch,True,autoware_perception_launch -> autoware_ground_segmentation_cuda,False,0,0,4,autoware_cuda_dependency_meta;autoware_cuda_pointcloud_preprocessor;autoware_cuda_utils;autoware_pointcloud_preprocessor,tier4_debug_msgs,0,1,2,0,src/universe/autoware_universe/perception/autoware_ground_segmentation_cuda
168,autoware_trajectory_selector,1,used_by_launch,True,src/launcher/autoware_launch/.github/sync-params.yaml:366 -> autoware_trajectory_selector,False,0,0,4,autoware_trajectory_adapter;autoware_trajectory_concatenator;autoware_trajectory_ranker;autoware_trajectory_validator,,0,0,1,1,src/universe/autoware_universe/planning/autoware_trajectory_selector
169,autoware_bevfusion,1,used_by_launch,True,src/launcher/autoware_launch/.github/sync-params.yaml:50 -> autoware_bevfusion,False,0,0,5,autoware_cuda_dependency_meta;autoware_cuda_utils;autoware_tensorrt_common;autoware_tensorrt_plugins;perception_utils,,0,1,4,7,src/universe/autoware_universe/perception/autoware_bevfusion
170,autoware_carla_interface,1,used_by_launch,True,autoware_launch -> autoware_carla_interface,False,0,0,5,autoware_external_cmd_selector;autoware_raw_vehicle_cmd_converter;autoware_shift_decider;autoware_trajectory_follower_node;autoware_vehicle_cmd_gate,tier4_vehicle_msgs,0,1,4,14,src/universe/autoware_universe/simulator/autoware_carla_interface
171,autoware_diffusion_planner,1,used_by_launch,True,src/launcher/autoware_launch/.github/sync-params.yaml:354 -> autoware_diffusion_planner,False,0,0,5,autoware_cuda_dependency_meta;autoware_cuda_utils;autoware_tensorrt_common;autoware_tensorrt_plugins;autoware_traffic_light_utils,,0,1,2,3,src/universe/autoware_universe/planning/autoware_diffusion_planner
172,autoware_image_projection_based_fusion,1,used_by_launch,True,src/launcher/autoware_launch/.github/sync-params.yaml:30 -> autoware_image_projection_based_fusion,False,0,0,5,autoware_cuda_dependency_meta;autoware_euclidean_cluster;autoware_lidar_centerpoint;autoware_pointcloud_preprocessor;perception_utils,tier4_perception_msgs,0,1,11,8,src/universe/autoware_universe/perception/autoware_image_projection_based_fusion
173,autoware_ptv3,1,used_by_launch,True,autoware_perception_launch -> autoware_ptv3,False,0,0,5,autoware_cuda_dependency_meta;autoware_cuda_utils;autoware_tensorrt_common;autoware_tensorrt_plugins;perception_utils,,0,1,1,0,src/universe/autoware_universe/perception/autoware_ptv3
174,autoware_diagnostic_graph_aggregator,1,used_by_launch,True,src/launcher/autoware_launch/.github/sync-params.yaml:455 -> autoware_diagnostic_graph_aggregator,False,1,1,0,,tier4_system_msgs,1,2,5,2,src/universe/autoware_universe/system/autoware_diagnostic_graph_aggregator
175,autoware_diagnostic_graph_utils,1,used_by_launch,True,autoware_launch -> autoware_diagnostic_graph_utils,False,1,1,0,,tier4_system_msgs,1,1,1,0,src/universe/autoware_universe/system/autoware_diagnostic_graph_utils
176,autoware_external_cmd_selector,1,used_by_launch,True,src/launcher/autoware_launch/.github/sync-params.yaml:415 -> autoware_external_cmd_selector,False,1,1,0,,tier4_control_msgs,1,2,2,1,src/universe/autoware_universe/control/autoware_external_cmd_selector
177,autoware_mission_planner_universe,1,used_by_launch,True,src/launcher/autoware_launch/.github/sync-params.yaml:326 -> autoware_mission_planner_universe,False,1,1,0,,tier4_planning_msgs,1,1,5,2,src/universe/autoware_universe/planning/autoware_mission_planner_universe
178,autoware_traffic_light_category_merger,1,used_by_launch,True,autoware_perception_launch -> autoware_traffic_light_category_merger,False,1,1,0,,tier4_perception_msgs,1,1,1,0,src/universe/autoware_universe/perception/autoware_traffic_light_category_merger
179,autoware_traffic_light_selector,1,used_by_launch,True,autoware_perception_launch -> autoware_traffic_light_selector,False,1,1,0,,tier4_perception_msgs,1,1,1,1,src/universe/autoware_universe/perception/autoware_traffic_light_selector
180,autoware_command_mode_decider,1,used_by_launch,True,src/launcher/autoware_launch/.github/sync-params.yaml:458 -> autoware_command_mode_decider,False,1,1,1,autoware_command_mode_types,tier4_system_msgs,0,1,3,1,src/universe/autoware_universe/system/autoware_command_mode_decider
181,autoware_command_mode_switcher,1,used_by_launch,True,src/launcher/autoware_launch/.github/sync-params.yaml:461 -> autoware_command_mode_switcher,False,1,1,1,autoware_command_mode_types,tier4_external_api_msgs;tier4_system_msgs,0,1,3,1,src/universe/autoware_universe/system/autoware_command_mode_switcher
182,autoware_default_adapi_universe,1,used_by_launch,True,autoware_sample_designs -> autoware_default_adapi_universe,False,1,1,1,autoware_component_interface_specs_universe,tier4_api_msgs;tier4_control_msgs;tier4_planning_msgs;tier4_system_msgs,0,2,5,3,src/universe/autoware_universe/system/autoware_default_adapi_universe
183,autoware_detected_object_validation,1,used_by_launch,True,src/launcher/autoware_launch/.github/sync-params.yaml:105 -> autoware_detected_object_validation,False,1,1,1,autoware_probabilistic_occupancy_grid_map,,0,1,11,9,src/universe/autoware_universe/perception/autoware_detected_object_validation
184,autoware_traffic_light_map_based_detector,1,used_by_launch,True,src/launcher/autoware_launch/.github/sync-params.yaml:169 -> autoware_traffic_light_map_based_detector,False,1,1,1,autoware_traffic_light_utils,tier4_perception_msgs,0,1,7,6,src/universe/autoware_universe/perception/autoware_traffic_light_map_based_detector
185,autoware_trajectory_ranker,1,used_by_launch,True,src/launcher/autoware_launch/.github/sync-params.yaml:363 -> autoware_trajectory_ranker,False,1,1,1,autoware_trajectory_validator,,0,0,1,1,src/universe/autoware_universe/planning/autoware_trajectory_ranker
186,autoware_behavior_velocity_crosswalk_module,1,used_by_launch,True,autoware_planning_launch -> autoware_behavior_velocity_planner -> autoware_behavior_velocity_crosswalk_module,False,1,1,2,autoware_behavior_velocity_rtc_interface;autoware_grid_map_utils,,0,0,1,1,src/universe/autoware_universe/planning/behavior_velocity_planner/autoware_behavior_velocity_crosswalk_module
187,autoware_behavior_velocity_intersection_module,1,used_by_launch,True,autoware_planning_launch -> autoware_behavior_velocity_planner -> autoware_behavior_velocity_intersection_module,False,1,1,2,autoware_behavior_velocity_rtc_interface;autoware_rtc_interface,tier4_planning_msgs,0,0,1,2,src/universe/autoware_universe/planning/behavior_velocity_planner/autoware_behavior_velocity_intersection_module
188,autoware_cuda_pointcloud_preprocessor,1,used_by_launch,True,autoware_perception_launch -> autoware_cuda_pointcloud_preprocessor,False,1,1,3,autoware_cuda_dependency_meta;autoware_cuda_utils;autoware_pointcloud_preprocessor,tier4_debug_msgs,0,2,3,0,src/universe/autoware_universe/sensing/autoware_cuda_pointcloud_preprocessor
189,autoware_lidar_centerpoint,1,used_by_launch,True,src/launcher/autoware_launch/.github/sync-params.yaml:59 -> autoware_lidar_centerpoint,False,1,1,4,autoware_cuda_dependency_meta;autoware_cuda_utils;autoware_tensorrt_common;perception_utils,,0,1,6,4,src/universe/autoware_universe/perception/autoware_lidar_centerpoint
190,autoware_trajectory_modifier,1,used_by_launch,True,autoware_planning_launch -> autoware_trajectory_modifier,False,1,1,4,autoware_obstacle_proximity_checker;autoware_path_optimizer;autoware_path_smoother;autoware_traffic_light_compliance_checker,,0,1,1,9,src/universe/autoware_universe/planning/autoware_trajectory_modifier
191,autoware_traffic_light_classifier,1,used_by_launch,True,src/launcher/autoware_launch/.github/sync-params.yaml:160 -> autoware_traffic_light_classifier,False,1,1,5,autoware_cuda_dependency_meta;autoware_cuda_utils;autoware_tensorrt_classifier;autoware_tensorrt_common;autoware_traffic_light_utils,tier4_perception_msgs,0,1,8,5,src/universe/autoware_universe/perception/autoware_traffic_light_classifier
192,autoware_landmark_manager,1,used_by_launch,True,src/launcher/autoware_launch/.github/sync-params.yaml:256 -> autoware_ar_tag_based_localizer -> autoware_landmark_manager,False,2,2,0,,,0,0,0,0,src/universe/autoware_universe/localization/autoware_landmark_based_localizer/autoware_landmark_manager
193,autoware_path_optimizer,1,used_by_launch,True,autoware_planning_launch -> autoware_path_optimizer,False,2,1,1,autoware_fake_test_node,,0,1,4,10,src/universe/autoware_universe/planning/autoware_path_optimizer
194,autoware_euclidean_cluster,1,used_by_launch,True,src/launcher/autoware_launch/.github/sync-params.yaml:18 -> autoware_euclidean_cluster,False,2,2,2,autoware_pointcloud_preprocessor;autoware_shape_estimation,tier4_perception_msgs,0,1,4,5,src/universe/autoware_universe/perception/autoware_euclidean_cluster
195,autoware_mpc_lateral_controller,1,used_by_launch,True,src/launcher/autoware_launch/.github/sync-params.yaml:434 -> autoware_mpc_lateral_controller,False,2,1,2,autoware_trajectory_follower_base;autoware_trajectory_follower_node,,0,0,1,2,src/universe/autoware_universe/control/autoware_mpc_lateral_controller
196,autoware_probabilistic_occupancy_grid_map,1,used_by_launch,True,src/launcher/autoware_launch/.github/sync-params.yaml:132 -> autoware_probabilistic_occupancy_grid_map,False,2,1,3,autoware_cuda_dependency_meta;autoware_cuda_utils;autoware_pointcloud_preprocessor,,0,2,9,7,src/universe/autoware_universe/perception/autoware_probabilistic_occupancy_grid_map
197,autoware_tensorrt_classifier,1,used_by_launch,True,src/launcher/autoware_launch/.github/sync-params.yaml:160 -> autoware_traffic_light_classifier -> autoware_tensorrt_classifier,False,2,1,3,autoware_cuda_dependency_meta;autoware_cuda_utils;autoware_tensorrt_common,,0,0,0,0,src/universe/autoware_universe/perception/autoware_tensorrt_classifier
198,autoware_trajectory_validator,1,used_by_launch,True,src/launcher/autoware_launch/.github/sync-params.yaml:360 -> autoware_trajectory_validator,False,2,2,3,autoware_boundary_departure_checker;autoware_traffic_light_compliance_checker;autoware_traffic_light_utils,,0,0,1,1,src/universe/autoware_universe/planning/autoware_trajectory_validator
199,autoware_tensorrt_yolox,1,used_by_launch,True,src/launcher/autoware_launch/.github/sync-params.yaml:152 -> autoware_tensorrt_yolox,False,2,2,5,autoware_cuda_dependency_meta;autoware_cuda_utils;autoware_image_transport_decompressor;autoware_tensorrt_common;perception_utils,tier4_perception_msgs,0,1,12,2,src/universe/autoware_universe/perception/autoware_tensorrt_yolox
200,autoware_trajectory_follower_node,1,used_by_launch,True,src/launcher/autoware_launch/.github/sync-params.yaml:443 -> autoware_trajectory_follower_node,False,2,2,5,autoware_fake_test_node;autoware_mpc_lateral_controller;autoware_pid_longitudinal_controller;autoware_pure_pursuit;autoware_trajectory_follower_base,,0,1,2,1,src/universe/autoware_universe/control/autoware_trajectory_follower_node
201,autoware_raw_vehicle_cmd_converter,1,used_by_launch,True,src/launcher/autoware_launch/.github/sync-params.yaml:517 -> autoware_raw_vehicle_cmd_converter,False,3,3,0,,tier4_vehicle_msgs,0,4,7,10,src/universe/autoware_universe/vehicle/autoware_raw_vehicle_cmd_converter
202,yabloc_common,1,used_by_launch,True,src/launcher/autoware_launch/.github/sync-params.yaml:228 -> yabloc_common,False,3,3,0,,,0,1,3,6,src/universe/autoware_universe/localization/yabloc/yabloc_common
203,autoware_boundary_departure_checker,1,used_by_launch,True,src/launcher/autoware_launch/.github/sync-params.yaml:360 -> autoware_trajectory_validator -> autoware_boundary_departure_checker,False,3,1,1,autoware_universe_utils,,0,0,0,0,src/universe/autoware_universe/common/autoware_boundary_departure_checker
204,autoware_obstacle_proximity_checker,1,used_by_launch,True,autoware_planning_launch -> autoware_surround_obstacle_checker -> autoware_obstacle_proximity_checker,False,3,3,1,autoware_universe_utils,,0,0,0,0,src/universe/autoware_universe/common/autoware_obstacle_proximity_checker
205,autoware_path_smoother,1,used_by_launch,True,autoware_planning_launch -> autoware_path_smoother,False,3,2,1,autoware_fake_test_node,,0,1,1,0,src/universe/autoware_universe/planning/autoware_path_smoother
206,autoware_pid_longitudinal_controller,1,used_by_launch,True,src/launcher/autoware_launch/.github/sync-params.yaml:440 -> autoware_pid_longitudinal_controller,False,3,1,1,autoware_trajectory_follower_base,,0,0,1,1,src/universe/autoware_universe/control/autoware_pid_longitudinal_controller
207,autoware_pure_pursuit,1,used_by_launch,True,src/launcher/autoware_launch/.github/sync-params.yaml:437 -> autoware_pure_pursuit,False,3,1,1,autoware_trajectory_follower_base,,0,0,1,1,src/universe/autoware_universe/control/autoware_pure_pursuit
208,autoware_shape_estimation,1,used_by_launch,True,autoware_perception_launch -> autoware_shape_estimation,False,3,2,3,autoware_cuda_dependency_meta;autoware_cuda_utils;autoware_tensorrt_common,tier4_perception_msgs,0,1,1,0,src/universe/autoware_universe/perception/autoware_shape_estimation
209,autoware_image_transport_decompressor,1,used_by_launch,True,autoware_perception_launch -> autoware_image_transport_decompressor,False,4,2,0,,,0,1,3,0,src/universe/autoware_universe/sensing/autoware_image_transport_decompressor
210,autoware_tensorrt_plugins,1,used_by_launch,True,autoware_perception_config -> autoware_tensorrt_plugins,False,4,4,2,autoware_cuda_dependency_meta;autoware_cuda_utils,,0,0,3,0,src/universe/autoware_universe/perception/autoware_tensorrt_plugins
211,autoware_vehicle_cmd_gate,1,used_by_launch,True,src/launcher/autoware_launch/.github/sync-params.yaml:446 -> autoware_vehicle_cmd_gate,False,4,4,2,autoware_component_interface_specs_universe;tier4_api_utils,tier4_control_msgs;tier4_external_api_msgs;tier4_system_msgs;tier4_vehicle_msgs,0,1,2,2,src/universe/autoware_universe/control/autoware_vehicle_cmd_gate
212,autoware_command_mode_types,1,used_by_launch,True,src/launcher/autoware_launch/.github/sync-params.yaml:458 -> autoware_command_mode_decider -> autoware_command_mode_types,False,5,5,0,,,0,0,0,2,src/universe/autoware_universe/system/autoware_command_mode_types
213,autoware_trajectory_follower_base,1,used_by_launch,True,src/launcher/autoware_launch/.github/sync-params.yaml:434 -> autoware_mpc_lateral_controller -> autoware_trajectory_follower_base,False,5,4,0,,,0,0,0,0,src/universe/autoware_universe/control/autoware_trajectory_follower_base
214,autoware_planning_validator_latency_checker,1,used_by_launch,True,src/launcher/autoware_launch/.github/sync-params.yaml:380 -> autoware_planning_validator_latency_checker,False,5,1,1,autoware_planning_validator,,0,0,1,1,src/universe/autoware_universe/planning/planning_validator/autoware_planning_validator_latency_checker
215,autoware_planning_validator_rear_collision_checker,1,used_by_launch,True,src/launcher/autoware_launch/.github/sync-params.yaml:383 -> autoware_planning_validator_rear_collision_checker,False,5,1,1,autoware_planning_validator,tier4_planning_msgs,0,0,1,1,src/universe/autoware_universe/planning/planning_validator/autoware_planning_validator_rear_collision_checker
216,autoware_traffic_light_compliance_checker,1,used_by_launch,True,src/launcher/autoware_launch/.github/sync-params.yaml:360 -> autoware_trajectory_validator -> autoware_traffic_light_compliance_checker,False,5,2,1,autoware_traffic_light_utils,,0,0,0,0,src/universe/autoware_universe/common/autoware_traffic_light_compliance_checker
217,autoware_planning_validator_intersection_collision_checker,1,used_by_launch,True,src/launcher/autoware_launch/.github/sync-params.yaml:377 -> autoware_planning_validator_intersection_collision_checker,False,5,1,2,autoware_planning_validator;autoware_traffic_light_utils,,0,0,1,1,src/universe/autoware_universe/planning/planning_validator/autoware_planning_validator_intersection_collision_checker
218,autoware_planning_validator_trajectory_checker,1,used_by_launch,True,src/launcher/autoware_launch/.github/sync-params.yaml:386 -> autoware_planning_validator_trajectory_checker,False,5,1,2,autoware_planning_validator;autoware_planning_validator_test_utils,,0,0,1,1,src/universe/autoware_universe/planning/planning_validator/autoware_planning_validator_trajectory_checker
219,autoware_planning_validator,1,used_by_launch,True,src/launcher/autoware_launch/.github/sync-params.yaml:389 -> autoware_planning_validator,False,5,5,5,autoware_planning_validator_intersection_collision_checker;autoware_planning_validator_latency_checker;autoware_planning_validator_rear_collision_checker;autoware_planning_validator_test_utils;autoware_planning_validator_trajectory_checker,,0,1,3,12,src/universe/autoware_universe/planning/planning_validator/autoware_planning_validator
220,autoware_grid_map_utils,1,used_by_launch,True,src/launcher/autoware_launch/.github/sync-params.yaml:392 -> autoware_costmap_generator -> autoware_grid_map_utils,False,6,5,0,,,0,0,0,0,src/universe/autoware_universe/common/autoware_grid_map_utils
221,autoware_planning_validator_test_utils,1,used_by_launch,True,src/launcher/autoware_launch/.github/sync-params.yaml:389 -> autoware_planning_validator -> autoware_planning_validator_test_utils,False,6,2,0,,,0,0,0,0,src/universe/autoware_universe/planning/planning_validator/autoware_planning_validator_test_utils
222,tier4_api_utils,1,used_by_launch,True,src/launcher/autoware_launch/.github/sync-params.yaml:446 -> autoware_vehicle_cmd_gate -> tier4_api_utils,False,6,2,0,,tier4_external_api_msgs,0,0,0,4,src/universe/autoware_universe/common/tier4_api_utils
223,autoware_behavior_velocity_rtc_interface,1,used_by_launch,True,autoware_planning_launch -> autoware_behavior_velocity_planner -> autoware_behavior_velocity_blind_spot_module -> autoware_behavior_velocity_rtc_interface,False,8,7,1,autoware_rtc_interface,tier4_planning_msgs,0,0,0,0,src/universe/autoware_universe/planning/behavior_velocity_planner/autoware_behavior_velocity_rtc_interface
224,autoware_universe_utils,1,used_by_launch,True,autoware_planning_launch -> autoware_surround_obstacle_checker -> autoware_universe_utils,False,9,4,0,,tier4_debug_msgs;tier4_planning_msgs,0,0,0,15,src/universe/autoware_universe/common/autoware_universe_utils
225,autoware_component_interface_specs_universe,1,used_by_launch,True,src/launcher/autoware_launch/.github/sync-params.yaml:409 -> autoware_control_command_gate -> autoware_component_interface_specs_universe,False,10,6,0,,tier4_control_msgs;tier4_planning_msgs;tier4_vehicle_msgs,0,0,0,0,src/universe/autoware_universe/common/autoware_component_interface_specs_universe
226,perception_utils,1,used_by_launch,True,src/launcher/autoware_launch/.github/sync-params.yaml:50 -> autoware_bevfusion -> perception_utils,False,10,8,0,,,0,0,0,8,src/universe/autoware_universe/perception/perception_utils
227,autoware_behavior_path_bidirectional_traffic_module,1,used_by_launch,True,autoware_planning_launch -> autoware_behavior_path_bidirectional_traffic_module,False,11,1,2,autoware_behavior_path_planner;autoware_behavior_path_planner_common,,0,0,3,1,src/universe/autoware_universe/planning/behavior_path_planner/autoware_behavior_path_bidirectional_traffic_module
228,autoware_behavior_path_dynamic_obstacle_avoidance_module,1,used_by_launch,True,autoware_planning_launch -> autoware_behavior_path_dynamic_obstacle_avoidance_module,False,11,1,2,autoware_behavior_path_planner;autoware_behavior_path_planner_common,tier4_planning_msgs,0,0,3,1,src/universe/autoware_universe/planning/behavior_path_planner/autoware_behavior_path_dynamic_obstacle_avoidance_module
229,autoware_behavior_path_side_shift_module,1,used_by_launch,True,autoware_planning_launch -> autoware_behavior_path_planner -> autoware_behavior_path_side_shift_module,False,11,1,2,autoware_behavior_path_planner;autoware_behavior_path_planner_common,tier4_planning_msgs,0,0,0,0,src/universe/autoware_universe/planning/behavior_path_planner/autoware_behavior_path_side_shift_module
230,autoware_behavior_path_static_obstacle_avoidance_module,1,used_by_launch,True,autoware_planning_launch -> autoware_behavior_path_static_obstacle_avoidance_module,False,11,2,3,autoware_behavior_path_planner;autoware_behavior_path_planner_common;autoware_rtc_interface,,0,0,3,2,src/universe/autoware_universe/planning/behavior_path_planner/autoware_behavior_path_static_obstacle_avoidance_module
231,autoware_behavior_path_lane_change_module,1,used_by_launch,True,autoware_planning_launch -> autoware_behavior_path_planner -> autoware_behavior_path_lane_change_module,False,11,3,4,autoware_behavior_path_planner;autoware_behavior_path_planner_common;autoware_frenet_planner;autoware_rtc_interface,,0,0,0,0,src/universe/autoware_universe/planning/behavior_path_planner/autoware_behavior_path_lane_change_module
232,autoware_behavior_path_start_planner_module,1,used_by_launch,True,autoware_planning_launch -> autoware_behavior_path_planner -> autoware_behavior_path_start_planner_module,False,11,1,4,autoware_behavior_path_planner;autoware_behavior_path_planner_common;autoware_freespace_planning_algorithms;autoware_rtc_interface,,0,0,0,0,src/universe/autoware_universe/planning/behavior_path_planner/autoware_behavior_path_start_planner_module
233,autoware_behavior_path_avoidance_by_lane_change_module,1,used_by_launch,True,autoware_planning_launch -> autoware_behavior_path_planner -> autoware_behavior_path_avoidance_by_lane_change_module,False,11,1,5,autoware_behavior_path_lane_change_module;autoware_behavior_path_planner;autoware_behavior_path_planner_common;autoware_behavior_path_static_obstacle_avoidance_module;autoware_rtc_interface,tier4_planning_msgs,0,0,0,0,src/universe/autoware_universe/planning/behavior_path_planner/autoware_behavior_path_avoidance_by_lane_change_module
234,autoware_behavior_path_goal_planner_module,1,used_by_launch,True,autoware_planning_launch -> autoware_behavior_path_planner -> autoware_behavior_path_goal_planner_module,False,11,1,5,autoware_behavior_path_planner;autoware_behavior_path_planner_common;autoware_bezier_sampler;autoware_freespace_planning_algorithms;autoware_rtc_interface,,0,0,0,3,src/universe/autoware_universe/planning/behavior_path_planner/autoware_behavior_path_goal_planner_module
235,autoware_behavior_path_sampling_planner_module,1,used_by_launch,True,autoware_planning_launch -> autoware_behavior_path_planner -> autoware_behavior_path_sampling_planner_module,False,11,1,5,autoware_behavior_path_planner;autoware_behavior_path_planner_common;autoware_bezier_sampler;autoware_frenet_planner;autoware_path_sampler,tier4_planning_msgs,0,0,0,0,src/universe/autoware_universe/planning/behavior_path_planner/autoware_behavior_path_sampling_planner_module
236,autoware_behavior_path_planner,1,used_by_launch,True,autoware_planning_launch -> autoware_behavior_path_planner,False,11,11,13,autoware_behavior_path_avoidance_by_lane_change_module;autoware_behavior_path_bidirectional_traffic_module;autoware_behavior_path_dynamic_obstacle_avoidance_module;autoware_behavior_path_goal_planner_module;autoware_behavior_path_lane_change_module;autoware_behavior_path_planner_common;autoware_behavior_path_sampling_planner_module;autoware_behavior_path_side_shift_module;autoware_behavior_path_start_planner_module;autoware_behavior_path_static_obstacle_avoidance_module;autoware_freespace_planning_algorithms;autoware_frenet_planner;autoware_path_sampler,tier4_planning_msgs,0,1,2,1,src/universe/autoware_universe/planning/behavior_path_planner/autoware_behavior_path_planner
237,autoware_pointcloud_preprocessor,1,used_by_launch,True,src/launcher/autoware_launch/.github/sync-params.yaml:216 -> autoware_pointcloud_preprocessor,False,12,9,1,autoware_pcl_extensions,,0,5,25,16,src/universe/autoware_universe/sensing/autoware_pointcloud_preprocessor
238,autoware_path_sampler,1,used_by_launch,True,autoware_planning_launch -> autoware_path_sampler,False,12,2,3,autoware_bezier_sampler;autoware_fake_test_node;autoware_frenet_planner,tier4_planning_msgs,0,1,1,0,src/universe/autoware_universe/planning/sampling_based_planner/autoware_path_sampler
239,autoware_behavior_path_planner_common,1,used_by_launch,True,autoware_planning_launch -> autoware_behavior_path_bidirectional_traffic_module -> autoware_behavior_path_planner_common,False,12,12,5,autoware_deprecated_boundary_departure_checker;autoware_freespace_planning_algorithms;autoware_lane_departure_checker;autoware_rtc_interface;autoware_traffic_light_utils,tier4_planning_msgs,0,0,0,1,src/universe/autoware_universe/planning/behavior_path_planner/autoware_behavior_path_planner_common
240,autoware_pcl_extensions,1,used_by_launch,True,src/launcher/autoware_launch/.github/sync-params.yaml:216 -> autoware_pointcloud_preprocessor -> autoware_pcl_extensions,False,13,1,0,,,0,0,0,0,src/universe/autoware_universe/sensing/autoware_pcl_extensions
241,autoware_bezier_sampler,1,used_by_launch,True,autoware_planning_launch -> autoware_path_sampler -> autoware_bezier_sampler,False,13,3,1,autoware_sampler_common,,0,0,0,0,src/universe/autoware_universe/planning/sampling_based_planner/autoware_bezier_sampler
242,autoware_frenet_planner,1,used_by_launch,True,autoware_planning_launch -> autoware_behavior_path_planner -> autoware_frenet_planner,False,13,4,1,autoware_sampler_common,,0,0,0,0,src/universe/autoware_universe/planning/sampling_based_planner/autoware_frenet_planner
243,autoware_lane_departure_checker,1,used_by_launch,True,src/launcher/autoware_launch/.github/sync-params.yaml:418 -> autoware_lane_departure_checker,False,13,1,1,autoware_deprecated_boundary_departure_checker,,0,1,2,1,src/universe/autoware_universe/control/autoware_lane_departure_checker
244,autoware_freespace_planning_algorithms,1,used_by_launch,True,src/launcher/autoware_launch/.github/sync-params.yaml:370 -> autoware_freespace_planner -> autoware_freespace_planning_algorithms,False,14,5,0,,,0,0,0,0,src/universe/autoware_universe/planning/autoware_freespace_planning_algorithms
245,autoware_sampler_common,1,used_by_launch,True,autoware_planning_launch -> autoware_behavior_path_planner -> autoware_frenet_planner -> autoware_sampler_common,False,15,2,0,,,0,0,0,0,src/universe/autoware_universe/planning/sampling_based_planner/autoware_sampler_common
246,autoware_deprecated_boundary_departure_checker,1,used_by_launch,True,src/launcher/autoware_launch/.github/sync-params.yaml:418 -> autoware_lane_departure_checker -> autoware_deprecated_boundary_departure_checker,False,16,4,0,,,0,0,0,0,src/universe/autoware_universe/common/autoware_deprecated_boundary_departure_checker
247,autoware_fake_test_node,1,used_by_launch,True,src/launcher/autoware_launch/.github/sync-params.yaml:443 -> autoware_trajectory_follower_node -> autoware_fake_test_node,False,21,4,0,,,0,0,0,0,src/universe/autoware_universe/common/autoware_fake_test_node
248,autoware_tensorrt_common,1,used_by_launch,True,src/launcher/autoware_launch/.github/sync-params.yaml:50 -> autoware_bevfusion -> autoware_tensorrt_common,False,21,16,2,autoware_cuda_dependency_meta;autoware_cuda_utils,,0,0,0,0,src/universe/autoware_universe/perception/autoware_tensorrt_common
249,autoware_rtc_interface,1,used_by_launch,True,autoware_planning_launch -> autoware_behavior_path_static_obstacle_avoidance_module -> autoware_rtc_interface,False,22,10,0,,tier4_rtc_msgs,0,0,0,0,src/universe/autoware_universe/planning/autoware_rtc_interface
250,autoware_cuda_utils,1,used_by_launch,True,src/launcher/autoware_launch/.github/sync-params.yaml:50 -> autoware_bevfusion -> autoware_cuda_utils,False,28,20,1,autoware_cuda_dependency_meta,,0,0,0,0,src/universe/autoware_universe/sensing/autoware_cuda_utils
251,autoware_cuda_dependency_meta,1,used_by_launch,True,src/launcher/autoware_launch/.github/sync-params.yaml:50 -> autoware_bevfusion -> autoware_cuda_dependency_meta,False,30,22,0,,,0,0,0,0,src/universe/autoware_universe/common/autoware_cuda_dependency_meta
252,autoware_traffic_light_utils,1,used_by_launch,True,src/launcher/autoware_launch/.github/sync-params.yaml:354 -> autoware_diffusion_planner -> autoware_traffic_light_utils,False,33,11,0,,tier4_perception_msgs,0,0,0,0,src/universe/autoware_universe/common/autoware_traffic_light_utils
