Source,Target,Relationship,Scope
autoware_accel_brake_map_calibrator,autoware_raw_vehicle_cmd_converter,depends_on,internal
autoware_ar_tag_based_localizer,autoware_landmark_manager,depends_on,internal
autoware_behavior_path_avoidance_by_lane_change_module,autoware_behavior_path_lane_change_module,depends_on,internal
autoware_behavior_path_avoidance_by_lane_change_module,autoware_behavior_path_planner,depends_on,internal
autoware_behavior_path_avoidance_by_lane_change_module,autoware_behavior_path_planner_common,depends_on,internal
autoware_behavior_path_avoidance_by_lane_change_module,autoware_behavior_path_static_obstacle_avoidance_module,depends_on,internal
autoware_behavior_path_avoidance_by_lane_change_module,autoware_rtc_interface,depends_on,internal
autoware_behavior_path_bidirectional_traffic_module,autoware_behavior_path_planner,depends_on,internal
autoware_behavior_path_bidirectional_traffic_module,autoware_behavior_path_planner_common,depends_on,internal
autoware_behavior_path_direction_change_module,autoware_behavior_path_planner,depends_on,internal
autoware_behavior_path_direction_change_module,autoware_behavior_path_planner_common,depends_on,internal
autoware_behavior_path_dynamic_obstacle_avoidance_module,autoware_behavior_path_planner,depends_on,internal
autoware_behavior_path_dynamic_obstacle_avoidance_module,autoware_behavior_path_planner_common,depends_on,internal
autoware_behavior_path_external_request_lane_change_module,autoware_behavior_path_lane_change_module,depends_on,internal
autoware_behavior_path_external_request_lane_change_module,autoware_behavior_path_planner,depends_on,internal
autoware_behavior_path_external_request_lane_change_module,autoware_behavior_path_planner_common,depends_on,internal
autoware_behavior_path_external_request_lane_change_module,autoware_rtc_interface,depends_on,internal
autoware_behavior_path_goal_planner_module,autoware_behavior_path_planner,depends_on,internal
autoware_behavior_path_goal_planner_module,autoware_behavior_path_planner_common,depends_on,internal
autoware_behavior_path_goal_planner_module,autoware_bezier_sampler,depends_on,internal
autoware_behavior_path_goal_planner_module,autoware_freespace_planning_algorithms,depends_on,internal
autoware_behavior_path_goal_planner_module,autoware_rtc_interface,depends_on,internal
autoware_behavior_path_lane_change_module,autoware_behavior_path_planner,depends_on,internal
autoware_behavior_path_lane_change_module,autoware_behavior_path_planner_common,depends_on,internal
autoware_behavior_path_lane_change_module,autoware_frenet_planner,depends_on,internal
autoware_behavior_path_lane_change_module,autoware_rtc_interface,depends_on,internal
autoware_behavior_path_planner,autoware_behavior_path_planner_common,depends_on,internal
autoware_behavior_path_planner,autoware_freespace_planning_algorithms,depends_on,internal
autoware_behavior_path_planner,autoware_frenet_planner,depends_on,internal
autoware_behavior_path_planner,autoware_path_sampler,depends_on,internal
autoware_behavior_path_planner_common,autoware_deprecated_boundary_departure_checker,depends_on,internal
autoware_behavior_path_planner_common,autoware_freespace_planning_algorithms,depends_on,internal
autoware_behavior_path_planner_common,autoware_rtc_interface,depends_on,internal
autoware_behavior_path_planner_common,autoware_traffic_light_utils,depends_on,internal
autoware_behavior_path_sampling_planner_module,autoware_behavior_path_planner_common,depends_on,internal
autoware_behavior_path_sampling_planner_module,autoware_bezier_sampler,depends_on,internal
autoware_behavior_path_sampling_planner_module,autoware_frenet_planner,depends_on,internal
autoware_behavior_path_sampling_planner_module,autoware_path_sampler,depends_on,internal
autoware_behavior_path_side_shift_module,autoware_behavior_path_planner,depends_on,internal
autoware_behavior_path_side_shift_module,autoware_behavior_path_planner_common,depends_on,internal
autoware_behavior_path_start_planner_module,autoware_behavior_path_planner,depends_on,internal
autoware_behavior_path_start_planner_module,autoware_behavior_path_planner_common,depends_on,internal
autoware_behavior_path_start_planner_module,autoware_freespace_planning_algorithms,depends_on,internal
autoware_behavior_path_start_planner_module,autoware_rtc_interface,depends_on,internal
autoware_behavior_path_static_obstacle_avoidance_module,autoware_behavior_path_planner,depends_on,internal
autoware_behavior_path_static_obstacle_avoidance_module,autoware_behavior_path_planner_common,depends_on,internal
autoware_behavior_path_static_obstacle_avoidance_module,autoware_rtc_interface,depends_on,internal
autoware_behavior_velocity_blind_spot_module,autoware_behavior_velocity_rtc_interface,depends_on,internal
autoware_behavior_velocity_crosswalk_module,autoware_behavior_velocity_rtc_interface,depends_on,internal
autoware_behavior_velocity_crosswalk_module,autoware_grid_map_utils,depends_on,internal
autoware_behavior_velocity_detection_area_module,autoware_behavior_velocity_rtc_interface,depends_on,internal
autoware_behavior_velocity_intersection_module,autoware_behavior_velocity_rtc_interface,depends_on,internal
autoware_behavior_velocity_intersection_module,autoware_rtc_interface,depends_on,internal
autoware_behavior_velocity_no_stopping_area_module,autoware_behavior_velocity_rtc_interface,depends_on,internal
autoware_behavior_velocity_occlusion_spot_module,autoware_grid_map_utils,depends_on,internal
autoware_behavior_velocity_roundabout_module,autoware_behavior_velocity_intersection_module,depends_on,internal
autoware_behavior_velocity_roundabout_module,autoware_behavior_velocity_rtc_interface,depends_on,internal
autoware_behavior_velocity_roundabout_module,autoware_rtc_interface,depends_on,internal
autoware_behavior_velocity_rtc_interface,autoware_rtc_interface,depends_on,internal
autoware_behavior_velocity_traffic_light_module,autoware_behavior_velocity_rtc_interface,depends_on,internal
autoware_behavior_velocity_traffic_light_module,autoware_traffic_light_utils,depends_on,internal
autoware_behavior_velocity_walkway_module,autoware_behavior_velocity_crosswalk_module,depends_on,internal
autoware_bevfusion,autoware_cuda_dependency_meta,depends_on,internal
autoware_bevfusion,autoware_cuda_utils,depends_on,internal
autoware_bevfusion,autoware_tensorrt_common,depends_on,internal
autoware_bevfusion,autoware_tensorrt_plugins,depends_on,internal
autoware_bevfusion,perception_utils,depends_on,internal
autoware_bezier_sampler,autoware_sampler_common,depends_on,internal
autoware_boundary_departure_checker,autoware_universe_utils,depends_on,internal
autoware_bytetrack,autoware_cuda_dependency_meta,depends_on,internal
autoware_bytetrack,autoware_cuda_utils,depends_on,internal
autoware_bytetrack,autoware_tensorrt_common,depends_on,internal
autoware_calibration_status_classifier,autoware_cuda_utils,depends_on,internal
autoware_calibration_status_classifier,autoware_image_transport_decompressor,depends_on,internal
autoware_calibration_status_classifier,autoware_tensorrt_common,depends_on,internal
autoware_camera_streampetr,autoware_cuda_dependency_meta,depends_on,internal
autoware_camera_streampetr,autoware_cuda_utils,depends_on,internal
autoware_camera_streampetr,autoware_tensorrt_common,depends_on,internal
autoware_camera_streampetr,perception_utils,depends_on,internal
autoware_carla_interface,autoware_external_cmd_selector,depends_on,internal
autoware_command_mode_decider,autoware_command_mode_types,depends_on,internal
autoware_command_mode_decider_plugins,autoware_command_mode_decider,depends_on,internal
autoware_command_mode_decider_plugins,autoware_command_mode_types,depends_on,internal
autoware_command_mode_switcher,autoware_command_mode_types,depends_on,internal
autoware_command_mode_switcher_plugins,autoware_command_mode_switcher,depends_on,internal
autoware_command_mode_switcher_plugins,autoware_command_mode_types,depends_on,internal
autoware_compare_map_segmentation,autoware_pointcloud_preprocessor,depends_on,internal
autoware_component_state_monitor,autoware_topic_state_monitor,depends_on,internal
autoware_control_command_gate,autoware_command_mode_types,depends_on,internal
autoware_control_command_gate,autoware_component_interface_specs_universe,depends_on,internal
autoware_control_command_gate,autoware_vehicle_cmd_gate,depends_on,internal
autoware_control_evaluator,autoware_deprecated_boundary_departure_checker,depends_on,internal
autoware_control_launch,autoware_autonomous_emergency_braking,depends_on,external
autoware_control_launch,autoware_collision_detector,depends_on,external
autoware_control_launch,autoware_control_command_gate,depends_on,external
autoware_control_launch,autoware_control_evaluator,depends_on,external
autoware_control_launch,autoware_control_validator,depends_on,external
autoware_control_launch,autoware_external_cmd_converter,depends_on,external
autoware_control_launch,autoware_external_cmd_selector,depends_on,external
autoware_control_launch,autoware_lane_departure_checker,depends_on,external
autoware_control_launch,autoware_shift_decider,depends_on,external
autoware_control_launch,autoware_stop_mode_operator,depends_on,external
autoware_control_launch,autoware_trajectory_follower_node,depends_on,external
autoware_control_launch,autoware_vehicle_cmd_gate,depends_on,external
autoware_costmap_generator,autoware_grid_map_utils,depends_on,internal
autoware_cuda_pointcloud_preprocessor,autoware_cuda_dependency_meta,depends_on,internal
autoware_cuda_pointcloud_preprocessor,autoware_cuda_utils,depends_on,internal
autoware_cuda_pointcloud_preprocessor,autoware_pointcloud_preprocessor,depends_on,internal
autoware_cuda_utils,autoware_cuda_dependency_meta,depends_on,internal
autoware_default_adapi_universe,autoware_component_interface_specs_universe,depends_on,internal
autoware_detected_object_validation,autoware_probabilistic_occupancy_grid_map,depends_on,internal
autoware_detection_by_tracker,autoware_euclidean_cluster,depends_on,internal
autoware_detection_by_tracker,autoware_shape_estimation,depends_on,internal
autoware_diagnostic_graph_test_examples,autoware_diagnostic_graph_aggregator,depends_on,internal
autoware_diffusion_planner,autoware_cuda_dependency_meta,depends_on,internal
autoware_diffusion_planner,autoware_cuda_utils,depends_on,internal
autoware_diffusion_planner,autoware_tensorrt_common,depends_on,internal
autoware_diffusion_planner,autoware_tensorrt_plugins,depends_on,internal
autoware_diffusion_planner,autoware_traffic_light_utils,depends_on,internal
autoware_elevation_map_loader,autoware_grid_map_utils,depends_on,internal
autoware_euclidean_cluster,autoware_shape_estimation,depends_on,internal
autoware_external_cmd_converter,autoware_raw_vehicle_cmd_converter,depends_on,internal
autoware_freespace_planner,autoware_freespace_planning_algorithms,depends_on,internal
autoware_frenet_planner,autoware_sampler_common,depends_on,internal
autoware_geo_pose_projector,autoware_component_interface_specs_universe,depends_on,internal
autoware_ground_segmentation,autoware_pointcloud_preprocessor,depends_on,internal
autoware_ground_segmentation_cuda,autoware_cuda_dependency_meta,depends_on,internal
autoware_ground_segmentation_cuda,autoware_cuda_pointcloud_preprocessor,depends_on,internal
autoware_ground_segmentation_cuda,autoware_cuda_utils,depends_on,internal
autoware_ground_segmentation_cuda,autoware_pointcloud_preprocessor,depends_on,internal
autoware_hazard_status_converter,autoware_diagnostic_graph_utils,depends_on,internal
autoware_image_projection_based_fusion,autoware_cuda_dependency_meta,depends_on,internal
autoware_image_projection_based_fusion,autoware_euclidean_cluster,depends_on,internal
autoware_image_projection_based_fusion,autoware_lidar_centerpoint,depends_on,internal
autoware_image_projection_based_fusion,autoware_pointcloud_preprocessor,depends_on,internal
autoware_image_projection_based_fusion,perception_utils,depends_on,internal
autoware_joy_controller,tier4_api_utils,depends_on,internal
autoware_lane_departure_checker,autoware_deprecated_boundary_departure_checker,depends_on,internal
autoware_launch,autoware_carla_interface,depends_on,external
autoware_launch,autoware_diagnostic_graph_aggregator,depends_on,external
autoware_launch,autoware_diagnostic_graph_utils,depends_on,external
autoware_launch,autoware_dummy_infrastructure,depends_on,external
autoware_launch,autoware_dummy_traffic_light_publisher,depends_on,external
autoware_launch,autoware_elevation_map_loader,depends_on,external
autoware_launch,autoware_map_based_prediction,depends_on,external
autoware_launch,autoware_multi_object_tracker,depends_on,external
autoware_launch,autoware_perception_online_evaluator,depends_on,external
autoware_launch,autoware_probabilistic_occupancy_grid_map,depends_on,external
autoware_lidar_apollo_instance_segmentation,autoware_cuda_dependency_meta,depends_on,internal
autoware_lidar_apollo_instance_segmentation,autoware_cuda_utils,depends_on,internal
autoware_lidar_apollo_instance_segmentation,autoware_tensorrt_common,depends_on,internal
autoware_lidar_centerpoint,autoware_cuda_dependency_meta,depends_on,internal
autoware_lidar_centerpoint,autoware_cuda_utils,depends_on,internal
autoware_lidar_centerpoint,autoware_tensorrt_common,depends_on,internal
autoware_lidar_centerpoint,perception_utils,depends_on,internal
autoware_lidar_frnet,autoware_cuda_dependency_meta,depends_on,internal
autoware_lidar_frnet,autoware_cuda_utils,depends_on,internal
autoware_lidar_frnet,autoware_tensorrt_common,depends_on,internal
autoware_lidar_marker_localizer,autoware_landmark_manager,depends_on,internal
autoware_lidar_marker_localizer,autoware_pointcloud_preprocessor,depends_on,internal
autoware_lidar_transfusion,autoware_cuda_dependency_meta,depends_on,internal
autoware_lidar_transfusion,autoware_tensorrt_common,depends_on,internal
autoware_lidar_transfusion,perception_utils,depends_on,internal
autoware_manual_lane_change_handler,autoware_mission_planner_universe,depends_on,internal
autoware_minimum_rule_based_planner,autoware_obstacle_proximity_checker,depends_on,internal
autoware_minimum_rule_based_planner,autoware_trajectory_processor,depends_on,internal
autoware_motion_velocity_boundary_departure_prevention_module,autoware_deprecated_boundary_departure_checker,depends_on,internal
autoware_motion_velocity_obstacle_velocity_limiter_module,autoware_grid_map_utils,depends_on,internal
autoware_motion_velocity_out_of_lane_module,autoware_traffic_light_utils,depends_on,internal
autoware_motion_velocity_run_out_module,autoware_universe_utils,depends_on,internal
autoware_mpc_lateral_controller,autoware_trajectory_follower_base,depends_on,internal
autoware_obstacle_proximity_checker,autoware_universe_utils,depends_on,internal
autoware_occupancy_grid_map_outlier_filter,autoware_pointcloud_preprocessor,depends_on,internal
autoware_operation_mode_transition_manager,autoware_component_interface_specs_universe,depends_on,internal
autoware_path_optimizer,autoware_fake_test_node,depends_on,internal
autoware_path_sampler,autoware_bezier_sampler,depends_on,internal
autoware_path_sampler,autoware_fake_test_node,depends_on,internal
autoware_path_sampler,autoware_frenet_planner,depends_on,internal
autoware_path_smoother,autoware_fake_test_node,depends_on,internal
autoware_perception_launch,autoware_bevfusion,depends_on,external
autoware_perception_launch,autoware_bytetrack,depends_on,external
autoware_perception_launch,autoware_compare_map_segmentation,depends_on,external
autoware_perception_launch,autoware_crosswalk_traffic_light_estimator,depends_on,external
autoware_perception_launch,autoware_cuda_pointcloud_preprocessor,depends_on,external
autoware_perception_launch,autoware_detected_object_feature_remover,depends_on,external
autoware_perception_launch,autoware_detected_object_validation,depends_on,external
autoware_perception_launch,autoware_detection_by_tracker,depends_on,external
autoware_perception_launch,autoware_elevation_map_loader,depends_on,external
autoware_perception_launch,autoware_euclidean_cluster,depends_on,external
autoware_perception_launch,autoware_ground_segmentation,depends_on,external
autoware_perception_launch,autoware_ground_segmentation_cuda,depends_on,external
autoware_perception_launch,autoware_image_object_locator,depends_on,external
autoware_perception_launch,autoware_image_projection_based_fusion,depends_on,external
autoware_perception_launch,autoware_image_transport_decompressor,depends_on,external
autoware_perception_launch,autoware_lidar_apollo_instance_segmentation,depends_on,external
autoware_perception_launch,autoware_lidar_centerpoint,depends_on,external
autoware_perception_launch,autoware_lidar_transfusion,depends_on,external
autoware_perception_launch,autoware_map_based_prediction,depends_on,external
autoware_perception_launch,autoware_multi_object_tracker,depends_on,external
autoware_perception_launch,autoware_object_merger,depends_on,external
autoware_perception_launch,autoware_object_sorter,depends_on,external
autoware_perception_launch,autoware_occupancy_grid_map_outlier_filter,depends_on,external
autoware_perception_launch,autoware_pointcloud_preprocessor,depends_on,external
autoware_perception_launch,autoware_probabilistic_occupancy_grid_map,depends_on,external
autoware_perception_launch,autoware_ptv3,depends_on,external
autoware_perception_launch,autoware_raindrop_cluster_filter,depends_on,external
autoware_perception_launch,autoware_shape_estimation,depends_on,external
autoware_perception_launch,autoware_simpl_prediction,depends_on,external
autoware_perception_launch,autoware_simple_object_merger,depends_on,external
autoware_perception_launch,autoware_tensorrt_bevdet,depends_on,external
autoware_perception_launch,autoware_tensorrt_yolox,depends_on,external
autoware_perception_launch,autoware_tracking_object_merger,depends_on,external
autoware_perception_launch,autoware_traffic_light_arbiter,depends_on,external
autoware_perception_launch,autoware_traffic_light_category_merger,depends_on,external
autoware_perception_launch,autoware_traffic_light_classifier,depends_on,external
autoware_perception_launch,autoware_traffic_light_fine_detector,depends_on,external
autoware_perception_launch,autoware_traffic_light_map_based_detector,depends_on,external
autoware_perception_launch,autoware_traffic_light_multi_camera_fusion,depends_on,external
autoware_perception_launch,autoware_traffic_light_occlusion_predictor,depends_on,external
autoware_perception_launch,autoware_traffic_light_selector,depends_on,external
autoware_perception_launch,autoware_traffic_light_visualization,depends_on,external
autoware_pid_longitudinal_controller,autoware_trajectory_follower_base,depends_on,internal
autoware_pipeline_latency_monitor,autoware_planning_validator,depends_on,internal
autoware_planning_data_analyzer,autoware_traffic_light_utils,depends_on,external
autoware_planning_launch,autoware_behavior_path_planner,depends_on,external
autoware_planning_launch,autoware_costmap_generator,depends_on,external
autoware_planning_launch,autoware_diffusion_planner,depends_on,external
autoware_planning_launch,autoware_external_cmd_selector,depends_on,external
autoware_planning_launch,autoware_external_velocity_limit_selector,depends_on,external
autoware_planning_launch,autoware_freespace_planner,depends_on,external
autoware_planning_launch,autoware_hazard_lights_selector,depends_on,external
autoware_planning_launch,autoware_manual_lane_change_handler,depends_on,external
autoware_planning_launch,autoware_mission_planner_universe,depends_on,external
autoware_planning_launch,autoware_path_optimizer,depends_on,external
autoware_planning_launch,autoware_path_sampler,depends_on,external
autoware_planning_launch,autoware_path_smoother,depends_on,external
autoware_planning_launch,autoware_planning_evaluator,depends_on,external
autoware_planning_launch,autoware_planning_validator,depends_on,external
autoware_planning_launch,autoware_remaining_distance_time_calculator,depends_on,external
autoware_planning_launch,autoware_scenario_selector,depends_on,external
autoware_planning_launch,autoware_surround_obstacle_checker,depends_on,external
autoware_planning_launch,autoware_trajectory_processor,depends_on,external
autoware_planning_validator,autoware_planning_validator_test_utils,depends_on,internal
autoware_planning_validator_intersection_collision_checker,autoware_planning_validator,depends_on,internal
autoware_planning_validator_intersection_collision_checker,autoware_traffic_light_utils,depends_on,internal
autoware_planning_validator_latency_checker,autoware_planning_validator,depends_on,internal
autoware_planning_validator_rear_collision_checker,autoware_planning_validator,depends_on,internal
autoware_planning_validator_trajectory_checker,autoware_planning_validator,depends_on,internal
autoware_planning_validator_trajectory_checker,autoware_planning_validator_test_utils,depends_on,internal
autoware_pointcloud_preprocessor,autoware_pcl_extensions,depends_on,internal
autoware_predicted_path_checker,autoware_component_interface_specs_universe,depends_on,internal
autoware_probabilistic_occupancy_grid_map,autoware_cuda_dependency_meta,depends_on,internal
autoware_probabilistic_occupancy_grid_map,autoware_cuda_utils,depends_on,internal
autoware_probabilistic_occupancy_grid_map,autoware_pointcloud_preprocessor,depends_on,internal
autoware_ptv3,autoware_cuda_dependency_meta,depends_on,internal
autoware_ptv3,autoware_cuda_utils,depends_on,internal
autoware_ptv3,autoware_tensorrt_common,depends_on,internal
autoware_ptv3,autoware_tensorrt_plugins,depends_on,internal
autoware_ptv3,perception_utils,depends_on,internal
autoware_pure_pursuit,autoware_trajectory_follower_base,depends_on,internal
autoware_raindrop_cluster_filter,autoware_detected_object_validation,depends_on,internal
autoware_sample_designs,autoware_default_adapi_universe,depends_on,external
autoware_sensing_launch,autoware_cuda_pointcloud_preprocessor,depends_on,external
autoware_sensing_launch,autoware_imu_corrector,depends_on,external
autoware_sensing_launch,autoware_pointcloud_preprocessor,depends_on,external
autoware_sensing_launch,autoware_radar_tracks_msgs_converter,depends_on,external
autoware_sensing_launch,autoware_radar_tracks_noise_filter,depends_on,external
autoware_sensor_driver_launch,autoware_velodyne_monitor,depends_on,external
autoware_shape_estimation,autoware_cuda_dependency_meta,depends_on,internal
autoware_shape_estimation,autoware_cuda_utils,depends_on,internal
autoware_shape_estimation,autoware_tensorrt_common,depends_on,internal
autoware_simpl_prediction,autoware_cuda_utils,depends_on,internal
autoware_simpl_prediction,autoware_tensorrt_common,depends_on,internal
autoware_smart_mpc_trajectory_follower,autoware_vehicle_cmd_gate,depends_on,internal
autoware_static_centerline_generator,autoware_behavior_path_goal_planner_module,depends_on,external
autoware_static_centerline_generator,autoware_behavior_path_planner,depends_on,external
autoware_static_centerline_generator,autoware_behavior_path_planner_common,depends_on,external
autoware_static_centerline_generator,autoware_map_tf_generator,depends_on,external
autoware_static_centerline_generator,autoware_mission_planner_universe,depends_on,external
autoware_static_centerline_generator,autoware_path_optimizer,depends_on,external
autoware_static_centerline_generator,autoware_path_smoother,depends_on,external
autoware_static_centerline_generator,autoware_universe_utils,depends_on,external
autoware_stop_mode_operator,autoware_vehicle_cmd_gate,depends_on,internal
autoware_surround_obstacle_checker,autoware_obstacle_proximity_checker,depends_on,internal
autoware_surround_obstacle_checker,autoware_universe_utils,depends_on,internal
autoware_tensorrt_bevformer,autoware_cuda_dependency_meta,depends_on,internal
autoware_tensorrt_classifier,autoware_cuda_dependency_meta,depends_on,internal
autoware_tensorrt_classifier,autoware_cuda_utils,depends_on,internal
autoware_tensorrt_classifier,autoware_tensorrt_common,depends_on,internal
autoware_tensorrt_common,autoware_cuda_dependency_meta,depends_on,internal
autoware_tensorrt_plugins,autoware_cuda_dependency_meta,depends_on,internal
autoware_tensorrt_plugins,autoware_cuda_utils,depends_on,internal
autoware_tensorrt_vad,autoware_tensorrt_common,depends_on,internal
autoware_tensorrt_vad,autoware_tensorrt_plugins,depends_on,internal
autoware_tensorrt_yolox,autoware_cuda_dependency_meta,depends_on,internal
autoware_tensorrt_yolox,autoware_cuda_utils,depends_on,internal
autoware_tensorrt_yolox,autoware_image_transport_decompressor,depends_on,internal
autoware_tensorrt_yolox,autoware_tensorrt_common,depends_on,internal
autoware_tensorrt_yolox,perception_utils,depends_on,internal
autoware_traffic_light_classifier,autoware_cuda_dependency_meta,depends_on,internal
autoware_traffic_light_classifier,autoware_cuda_utils,depends_on,internal
autoware_traffic_light_classifier,autoware_tensorrt_classifier,depends_on,internal
autoware_traffic_light_classifier,autoware_tensorrt_common,depends_on,internal
autoware_traffic_light_classifier,autoware_traffic_light_utils,depends_on,internal
autoware_traffic_light_compliance_checker,autoware_traffic_light_utils,depends_on,internal
autoware_traffic_light_fine_detector,autoware_cuda_dependency_meta,depends_on,internal
autoware_traffic_light_fine_detector,autoware_tensorrt_yolox,depends_on,internal
autoware_traffic_light_map_based_detector,autoware_traffic_light_utils,depends_on,internal
autoware_traffic_light_multi_camera_fusion,autoware_traffic_light_utils,depends_on,internal
autoware_traffic_light_occlusion_predictor,autoware_traffic_light_utils,depends_on,internal
autoware_traffic_light_occlusion_predictor,perception_utils,depends_on,internal
autoware_trajectory_follower_node,autoware_fake_test_node,depends_on,internal
autoware_trajectory_follower_node,autoware_mpc_lateral_controller,depends_on,internal
autoware_trajectory_follower_node,autoware_pid_longitudinal_controller,depends_on,internal
autoware_trajectory_follower_node,autoware_pure_pursuit,depends_on,internal
autoware_trajectory_follower_node,autoware_trajectory_follower_base,depends_on,internal
autoware_trajectory_processor,autoware_obstacle_proximity_checker,depends_on,internal
autoware_trajectory_processor,autoware_path_optimizer,depends_on,internal
autoware_trajectory_processor,autoware_path_smoother,depends_on,internal
autoware_trajectory_processor,autoware_traffic_light_compliance_checker,depends_on,internal
autoware_trajectory_selector,autoware_trajectory_concatenator,depends_on,internal
autoware_trajectory_selector,autoware_trajectory_validator,depends_on,internal
autoware_trajectory_validator,autoware_boundary_departure_checker,depends_on,internal
autoware_trajectory_validator,autoware_traffic_light_compliance_checker,depends_on,internal
autoware_trajectory_validator,autoware_traffic_light_utils,depends_on,internal
autoware_vehicle_cmd_gate,autoware_component_interface_specs_universe,depends_on,internal
autoware_vehicle_cmd_gate,tier4_api_utils,depends_on,internal
awsim_labs_sensor_kit_launch,autoware_imu_corrector,depends_on,external
awsim_sensor_kit_launch,autoware_imu_corrector,depends_on,external
awsim_sensor_kit_launch,autoware_pointcloud_preprocessor,depends_on,external
carla_sensor_kit_launch,autoware_imu_corrector,depends_on,external
deviation_evaluator,autoware_imu_corrector,depends_on,external
deviation_evaluator,autoware_universe_utils,depends_on,external
driving_environment_analyzer,autoware_behavior_path_planner_common,depends_on,external
driving_environment_analyzer,autoware_lane_departure_checker,depends_on,external
sample_sensor_kit_launch,autoware_imu_corrector,depends_on,external
sample_sensor_kit_launch,autoware_pointcloud_preprocessor,depends_on,external
tier4_autoware_api_launch,autoware_default_adapi_universe,depends_on,external
tier4_autoware_api_launch,autoware_evaluation_adapter,depends_on,external
tier4_localization_launch,autoware_ar_tag_based_localizer,depends_on,external
tier4_localization_launch,autoware_automatic_pose_initializer,depends_on,external
tier4_localization_launch,autoware_geo_pose_projector,depends_on,external
tier4_localization_launch,autoware_lidar_marker_localizer,depends_on,external
tier4_localization_launch,autoware_localization_error_monitor,depends_on,external
tier4_localization_launch,autoware_pointcloud_preprocessor,depends_on,external
tier4_localization_launch,autoware_pose_covariance_modifier,depends_on,external
tier4_localization_launch,autoware_pose_estimator_arbiter,depends_on,external
tier4_localization_launch,autoware_pose_instability_detector,depends_on,external
tier4_localization_launch,yabloc_common,depends_on,external
tier4_localization_launch,yabloc_image_processing,depends_on,external
tier4_localization_launch,yabloc_monitor,depends_on,external
tier4_localization_launch,yabloc_particle_filter,depends_on,external
tier4_localization_launch,yabloc_pose_initializer,depends_on,external
tier4_map_launch,autoware_map_tf_generator,depends_on,external
tier4_simulator_launch,autoware_fault_injection,depends_on,external
tier4_simulator_launch,autoware_raw_vehicle_cmd_converter,depends_on,external
tier4_simulator_launch,autoware_vehicle_door_simulator,depends_on,external
tier4_system_launch,autoware_command_mode_decider,depends_on,external
tier4_system_launch,autoware_command_mode_switcher,depends_on,external
tier4_system_launch,autoware_component_state_monitor,depends_on,external
tier4_system_launch,autoware_diagnostic_graph_aggregator,depends_on,external
tier4_system_launch,autoware_dummy_diag_publisher,depends_on,external
tier4_system_launch,autoware_duplicated_node_checker,depends_on,external
tier4_system_launch,autoware_hazard_status_converter,depends_on,external
tier4_system_launch,autoware_mrm_comfortable_stop_operator,depends_on,external
tier4_system_launch,autoware_mrm_emergency_stop_operator,depends_on,external
tier4_system_launch,autoware_mrm_handler,depends_on,external
tier4_system_launch,autoware_pipeline_latency_monitor,depends_on,external
tier4_system_launch,autoware_processing_time_checker,depends_on,external
tier4_system_launch,autoware_system_monitor,depends_on,external
tier4_vehicle_launch,autoware_raw_vehicle_cmd_converter,depends_on,external
trt_batched_nms,autoware_cuda_utils,depends_on,external
trt_batched_nms,autoware_tensorrt_common,depends_on,external
yabloc_image_processing,yabloc_common,depends_on,internal
yabloc_particle_filter,yabloc_common,depends_on,internal
yabloc_pose_initializer,yabloc_common,depends_on,internal
